lead_date,dry,normal,monsoon,lead_month,Year,region,Month
197906,24,5.45,0.55,02,1979,AZ_East,6
197907,13.35,14.55,3.1,02,1979,AZ_East,7
197908,6.85,15.55,8.6,02,1979,AZ_East,8
197906,24.85,5.05,0.1,05,1979,AZ_East,6
197907,12.9,14.3,3.8,05,1979,AZ_East,7
197908,5.65,13.35,12,05,1979,AZ_East,8
197909,9.35,14.6,6.05,05,1979,AZ_East,9
197910,24.65,5.6,0.75,05,1979,AZ_East,10
197908,14.9,13.65,1.45,08,1979,AZ_East,8
197909,12.75,12.85,5.4,08,1979,AZ_East,9
197910,25.5,4.75,0.75,08,1979,AZ_East,10
198006,26,4,0,02,1980,AZ_East,6
198007,15.5,12.1,3.4,02,1980,AZ_East,7
198008,6.05,14,10.95,02,1980,AZ_East,8
198006,21.9,6.95,1.15,05,1980,AZ_East,6
198007,6.45,15.15,9.4,05,1980,AZ_East,7
198008,2.6,14,14.4,05,1980,AZ_East,8
198009,9.6,12.6,7.8,05,1980,AZ_East,9
198010,22.05,7.2,1.75,05,1980,AZ_East,10
198008,1.85,13.05,15.1,08,1980,AZ_East,8
198009,12.4,13.05,5.55,08,1980,AZ_East,9
198010,23.85,6.05,1.1,08,1980,AZ_East,10
198106,25.95,3.6,0.45,02,1981,AZ_East,6
198107,9.35,14.6,7.05,02,1981,AZ_East,7
198108,1.2,13.7,16.1,02,1981,AZ_East,8
198106,25.1,4.55,0.35,05,1981,AZ_East,6
198107,8.4,14.45,8.15,05,1981,AZ_East,7
198108,2,12.5,16.5,05,1981,AZ_East,8
198109,4.5,13.45,12.05,05,1981,AZ_East,9
198110,22.85,7.25,0.9,05,1981,AZ_East,10
198108,7.55,16.95,5.5,08,1981,AZ_East,8
198109,7.7,13.5,9.8,08,1981,AZ_East,9
198110,25.2,4.85,0.95,08,1981,AZ_East,10
198206,25.3,3.7,1,02,1982,AZ_East,6
198207,16.9,10.85,3.25,02,1982,AZ_East,7
198208,5.25,15.95,9.8,02,1982,AZ_East,8
198206,24.5,5,0.5,05,1982,AZ_East,6
198207,9.9,14.3,6.8,05,1982,AZ_East,7
198208,4.65,16.35,10,05,1982,AZ_East,8
198209,9.4,13.35,7.25,05,1982,AZ_East,9
198210,21.5,7.85,1.65,05,1982,AZ_East,10
198208,7.5,15.05,7.45,08,1982,AZ_East,8
198209,10.35,13.5,7.15,08,1982,AZ_East,9
198210,22.25,7.85,0.9,08,1982,AZ_East,10
198306,24.85,4.85,0.3,02,1983,AZ_East,6
198307,18.65,10,2.35,02,1983,AZ_East,7
198308,7.05,16.7,7.25,02,1983,AZ_East,8
198306,22.1,6.8,1.1,05,1983,AZ_East,6
198307,18.9,9.4,2.7,05,1983,AZ_East,7
198308,8.95,16.15,5.9,05,1983,AZ_East,8
198309,9.6,14.15,6.25,05,1983,AZ_East,9
198310,23.7,6.35,0.95,05,1983,AZ_East,10
198308,1.6,8.7,19.7,08,1983,AZ_East,8
198309,8.45,14.55,8,08,1983,AZ_East,9
198310,22.3,6.9,1.8,08,1983,AZ_East,10
198406,26.3,3.35,0.35,02,1984,AZ_East,6
198407,12.65,14.45,3.9,02,1984,AZ_East,7
198408,2.6,13.2,15.2,02,1984,AZ_East,8
198406,25.2,4.5,0.3,05,1984,AZ_East,6
198407,7.85,16.05,7.1,05,1984,AZ_East,7
198408,3.15,14.1,13.75,05,1984,AZ_East,8
198409,8.1,13.05,8.85,05,1984,AZ_East,9
198410,24.05,5.95,1,05,1984,AZ_East,10
198408,1.75,15.9,12.35,08,1984,AZ_East,8
198409,6.35,14.95,9.7,08,1984,AZ_East,9
198410,23.6,6,1.4,08,1984,AZ_East,10
198506,26.25,3.4,0.35,02,1985,AZ_East,6
198507,12.4,13.9,4.7,02,1985,AZ_East,7
198508,6.2,13.9,10.9,02,1985,AZ_East,8
198506,24.55,4.8,0.65,05,1985,AZ_East,6
198507,7.5,18.1,5.4,05,1985,AZ_East,7
198508,3.3,17.6,10.1,05,1985,AZ_East,8
198509,5.9,14.15,9.95,05,1985,AZ_East,9
198510,21.55,8.25,1.2,05,1985,AZ_East,10
198508,8.45,16.3,5.25,08,1985,AZ_East,8
198509,10.25,14.95,5.8,08,1985,AZ_East,9
198510,23.9,6.2,0.9,08,1985,AZ_East,10
198606,25.15,4.65,0.2,02,1986,AZ_East,6
198607,13.9,13.25,3.85,02,1986,AZ_East,7
198608,4,16.05,10.95,02,1986,AZ_East,8
198606,26,3.6,0.4,05,1986,AZ_East,6
198607,7.15,17.1,6.75,05,1986,AZ_East,7
198608,3.35,17.65,10,05,1986,AZ_East,8
198609,6.5,13.7,9.8,05,1986,AZ_East,9
198610,21.45,8.25,1.3,05,1986,AZ_East,10
198608,12.2,15.5,2.3,08,1986,AZ_East,8
198609,8.15,16.35,6.5,08,1986,AZ_East,9
198610,24.05,6.65,0.3,08,1986,AZ_East,10
198706,26.45,3.5,0.05,02,1987,AZ_East,6
198707,15.5,10.95,4.55,02,1987,AZ_East,7
198708,5.75,13,12.25,02,1987,AZ_East,8
198706,25.8,3.7,0.5,05,1987,AZ_East,6
198707,13.9,14.35,2.75,05,1987,AZ_East,7
198708,5.3,17.45,8.25,05,1987,AZ_East,8
198709,5.95,13.7,10.35,05,1987,AZ_East,9
198710,21.75,7.25,2,05,1987,AZ_East,10
198708,3.85,17.1,9.05,08,1987,AZ_East,8
198709,12.65,12,6.35,08,1987,AZ_East,9
198710,24.25,5.95,0.8,08,1987,AZ_East,10
198806,24.9,4.75,0.35,02,1988,AZ_East,6
198807,11.05,14.45,5.5,02,1988,AZ_East,7
198808,3.8,12.6,14.6,02,1988,AZ_East,8
198806,22.85,6.75,0.4,05,1988,AZ_East,6
198807,9.85,15.25,5.9,05,1988,AZ_East,7
198808,2.65,14.4,13.95,05,1988,AZ_East,8
198809,7.65,11.15,11.2,05,1988,AZ_East,9
198810,25,5.5,0.5,05,1988,AZ_East,10
198808,1.4,12.05,16.55,08,1988,AZ_East,8
198809,9.45,12.45,9.1,08,1988,AZ_East,9
198810,26.1,4.35,0.55,08,1988,AZ_East,10
198906,26.25,3.35,0.4,02,1989,AZ_East,6
198907,8.9,16.1,6,02,1989,AZ_East,7
198908,3.5,15.1,12.4,02,1989,AZ_East,8
198906,24.1,5.5,0.4,05,1989,AZ_East,6
198907,8.15,18.15,4.7,05,1989,AZ_East,7
198908,2.3,20.25,8.45,05,1989,AZ_East,8
198909,6.3,15.05,8.65,05,1989,AZ_East,9
198910,20.75,8.6,1.65,05,1989,AZ_East,10
198908,3.2,17.2,9.6,08,1989,AZ_East,8
198909,6.75,12.95,11.3,08,1989,AZ_East,9
198910,25.1,4.5,1.4,08,1989,AZ_East,10
199006,24.7,4.7,0.6,02,1990,AZ_East,6
199007,12.25,12.75,6,02,1990,AZ_East,7
199008,2.75,15.65,12.6,02,1990,AZ_East,8
199006,24.55,4.9,0.55,05,1990,AZ_East,6
199007,7.8,15.75,7.45,05,1990,AZ_East,7
199008,4.05,16.55,10.4,05,1990,AZ_East,8
199009,7.2,14.1,8.7,05,1990,AZ_East,9
199010,22.4,6.7,1.9,05,1990,AZ_East,10
199008,5.4,18.75,5.85,08,1990,AZ_East,8
199009,7.45,15.3,8.25,08,1990,AZ_East,9
199010,21.55,8.1,1.35,08,1990,AZ_East,10
199106,25.85,3.8,0.35,02,1991,AZ_East,6
199107,13.75,14.15,3.1,02,1991,AZ_East,7
199108,4.25,17.05,9.7,02,1991,AZ_East,8
199106,24.55,5.05,0.4,05,1991,AZ_East,6
199107,9.5,15.75,5.75,05,1991,AZ_East,7
199108,5.55,15.8,9.65,05,1991,AZ_East,8
199109,9.65,13.5,6.85,05,1991,AZ_East,9
199110,23.35,6.8,0.85,05,1991,AZ_East,10
199108,5.6,17.5,6.9,08,1991,AZ_East,8
199109,8.85,13.25,8.9,08,1991,AZ_East,9
199110,22.15,7.45,1.4,08,1991,AZ_East,10
199206,24.75,4.75,0.5,02,1992,AZ_East,6
199207,16.15,11.6,3.25,02,1992,AZ_East,7
199208,5.65,14.9,10.45,02,1992,AZ_East,8
199206,21.75,7.3,0.95,05,1992,AZ_East,6
199207,11.4,13.5,6.1,05,1992,AZ_East,7
199208,2.95,16.9,11.15,05,1992,AZ_East,8
199209,6.3,13.85,9.85,05,1992,AZ_East,9
199210,21.1,8.25,1.65,05,1992,AZ_East,10
199208,3.35,17.95,8.7,08,1992,AZ_East,8
199209,9.6,14.8,6.6,08,1992,AZ_East,9
199210,21.55,7,2.45,08,1992,AZ_East,10
199306,22.8,6.35,0.85,02,1993,AZ_East,6
199307,12.2,13.35,5.45,02,1993,AZ_East,7
199308,2.8,13.2,15,02,1993,AZ_East,8
199306,21.25,7.3,1.45,05,1993,AZ_East,6
199307,10.55,15.2,5.25,05,1993,AZ_East,7
199308,4.35,14.5,12.15,05,1993,AZ_East,8
199309,6.45,13.75,9.8,05,1993,AZ_East,9
199310,22.55,6.85,1.6,05,1993,AZ_East,10
199308,7.4,19.4,3.2,08,1993,AZ_East,8
199309,9.65,13.7,7.65,08,1993,AZ_East,9
199310,23.05,6.8,1.15,08,1993,AZ_East,10
199406,25.45,4.25,0.3,02,1994,AZ_East,6
199407,8.25,17.35,5.4,02,1994,AZ_East,7
199408,3.75,15.95,11.3,02,1994,AZ_East,8
199406,22,7.6,0.4,05,1994,AZ_East,6
199407,9.65,14.4,6.95,05,1994,AZ_East,7
199408,3,16.5,11.5,05,1994,AZ_East,8
199409,6.15,12.95,10.9,05,1994,AZ_East,9
199410,21,7.25,2.75,05,1994,AZ_East,10
199408,7.5,15.8,6.7,08,1994,AZ_East,8
199409,11.25,13.6,6.15,08,1994,AZ_East,9
199410,25.6,4.9,0.5,08,1994,AZ_East,10
199506,26.55,3.15,0.3,02,1995,AZ_East,6
199507,11.2,15.4,4.4,02,1995,AZ_East,7
199508,2.2,14.1,14.7,02,1995,AZ_East,8
199506,24.15,5.6,0.25,05,1995,AZ_East,6
199507,13.85,12.6,4.55,05,1995,AZ_East,7
199508,4.2,13.15,13.65,05,1995,AZ_East,8
199509,4.95,11.1,13.95,05,1995,AZ_East,9
199510,22,7.05,1.95,05,1995,AZ_East,10
199508,1.9,14.05,14.05,08,1995,AZ_East,8
199509,7.8,14.5,8.7,08,1995,AZ_East,9
199510,24.45,4.9,1.65,08,1995,AZ_East,10
199606,26.55,3.25,0.2,02,1996,AZ_East,6
199607,11.25,14,5.75,02,1996,AZ_East,7
199608,2.6,13.35,15.05,02,1996,AZ_East,8
199606,27.15,2.75,0.1,05,1996,AZ_East,6
199607,12.25,14.95,3.8,05,1996,AZ_East,7
199608,2.25,15.25,13.5,05,1996,AZ_East,8
199609,6.7,12.95,10.35,05,1996,AZ_East,9
199610,22.65,7,1.35,05,1996,AZ_East,10
199608,5.15,13.85,11,08,1996,AZ_East,8
199609,11.1,14.45,5.45,08,1996,AZ_East,9
199610,23.4,6.75,0.85,08,1996,AZ_East,10
199706,24.35,5.25,0.4,02,1997,AZ_East,6
199707,9.45,15,6.55,02,1997,AZ_East,7
199708,4.65,15.75,10.6,02,1997,AZ_East,8
199706,25,4.55,0.45,05,1997,AZ_East,6
199707,10.9,13.6,6.5,05,1997,AZ_East,7
199708,5.1,14.65,11.25,05,1997,AZ_East,8
199709,5.95,14.05,10,05,1997,AZ_East,9
199710,20.4,8.55,2.05,05,1997,AZ_East,10
199708,3.1,15.2,11.7,08,1997,AZ_East,8
199709,7.95,14.55,8.5,08,1997,AZ_East,9
199710,22,7.05,1.95,08,1997,AZ_East,10
199806,24.7,4.95,0.35,02,1998,AZ_East,6
199807,11.65,11.5,7.85,02,1998,AZ_East,7
199808,3.05,12.25,15.7,02,1998,AZ_East,8
199806,23.1,6.3,0.6,05,1998,AZ_East,6
199807,11.65,13.9,5.45,05,1998,AZ_East,7
199808,2.9,14.6,13.5,05,1998,AZ_East,8
199809,6.7,10.15,13.15,05,1998,AZ_East,9
199810,20.5,8.65,1.85,05,1998,AZ_East,10
199808,1.6,17.65,10.75,08,1998,AZ_East,8
199809,5.35,14.75,10.9,08,1998,AZ_East,9
199810,21.9,7.45,1.65,08,1998,AZ_East,10
199906,22.55,6.05,1.4,02,1999,AZ_East,6
199907,12.25,13.3,5.45,02,1999,AZ_East,7
199908,2.65,14.85,13.5,02,1999,AZ_East,8
199906,24.15,5.55,0.3,05,1999,AZ_East,6
199907,8.75,15.1,7.15,05,1999,AZ_East,7
199908,3.35,16.1,11.55,05,1999,AZ_East,8
199909,7.9,12.75,9.35,05,1999,AZ_East,9
199910,23.6,6.6,0.8,05,1999,AZ_East,10
199908,2.1,17.9,10,08,1999,AZ_East,8
199909,7.55,12.15,11.3,08,1999,AZ_East,9
199910,26.25,3.9,0.85,08,1999,AZ_East,10
200006,26.8,3,0.2,02,2000,AZ_East,6
200007,11.1,13.65,6.25,02,2000,AZ_East,7
200008,4.7,15.65,10.65,02,2000,AZ_East,8
200006,24.8,4.35,0.85,05,2000,AZ_East,6
200007,5.8,17.5,7.7,05,2000,AZ_East,7
200008,3.5,14.85,12.65,05,2000,AZ_East,8
200009,7.2,13.1,9.7,05,2000,AZ_East,9
200010,24.5,5.15,1.35,05,2000,AZ_East,10
200008,3.6,19.7,6.7,08,2000,AZ_East,8
200009,12.25,13.95,4.8,08,2000,AZ_East,9
200010,24.45,5.2,1.35,08,2000,AZ_East,10
200106,23.65,5.9,0.45,02,2001,AZ_East,6
200107,7.25,16,7.75,02,2001,AZ_East,7
200108,1.5,14.25,15.25,02,2001,AZ_East,8
200106,25.25,3.8,0.95,05,2001,AZ_East,6
200107,7.45,15.9,7.65,05,2001,AZ_East,7
200108,3.9,14.55,12.55,05,2001,AZ_East,8
200109,6,13.6,10.4,05,2001,AZ_East,9
200110,22.75,6.95,1.3,05,2001,AZ_East,10
200108,2.6,15.35,12.05,08,2001,AZ_East,8
200109,8.5,14.25,8.25,08,2001,AZ_East,9
200110,23.6,6.7,0.7,08,2001,AZ_East,10
200206,25.1,4.6,0.3,02,2002,AZ_East,6
200207,12.4,13.1,5.5,02,2002,AZ_East,7
200208,5.95,15.35,9.7,02,2002,AZ_East,8
200206,25.9,3.85,0.25,05,2002,AZ_East,6
200207,10.35,14.75,5.9,05,2002,AZ_East,7
200208,4.2,17.55,9.25,05,2002,AZ_East,8
200209,7.1,13.55,9.35,05,2002,AZ_East,9
200210,21.1,7.9,2,05,2002,AZ_East,10
200208,4.3,19.85,5.85,08,2002,AZ_East,8
200209,10.85,14.85,5.3,08,2002,AZ_East,9
200210,24.3,6.25,0.45,08,2002,AZ_East,10
200306,25.25,4.7,0.05,02,2003,AZ_East,6
200307,11.3,13.7,6,02,2003,AZ_East,7
200308,4.2,14.25,12.55,02,2003,AZ_East,8
200306,23.55,5.55,0.9,05,2003,AZ_East,6
200307,8.15,15.1,7.75,05,2003,AZ_East,7
200308,2.25,14.7,14.05,05,2003,AZ_East,8
200309,5.5,12.55,11.95,05,2003,AZ_East,9
200310,23,6.65,1.35,05,2003,AZ_East,10
200308,3.85,15.15,11,08,2003,AZ_East,8
200309,8.55,14.8,7.65,08,2003,AZ_East,9
200310,22.75,6.45,1.8,08,2003,AZ_East,10
200406,26.75,2.95,0.3,02,2004,AZ_East,6
200407,12,12.4,6.6,02,2004,AZ_East,7
200408,2.65,13.3,15.05,02,2004,AZ_East,8
200406,23.2,4.75,2.05,05,2004,AZ_East,6
200407,7.9,16.8,6.3,05,2004,AZ_East,7
200408,2.45,13.95,14.6,05,2004,AZ_East,8
200409,4.3,13.4,12.3,05,2004,AZ_East,9
200410,23.35,6.4,1.25,05,2004,AZ_East,10
200408,10.15,19.05,0.8,08,2004,AZ_East,8
200409,9.85,15.6,5.55,08,2004,AZ_East,9
200410,20.75,8.3,1.95,08,2004,AZ_East,10
200506,24.7,4.75,0.55,02,2005,AZ_East,6
200507,11.3,14,5.7,02,2005,AZ_East,7
200508,2.65,12.4,15.95,02,2005,AZ_East,8
200506,23.85,5.45,0.7,05,2005,AZ_East,6
200507,6.15,15.1,9.75,05,2005,AZ_East,7
200508,3.4,12.95,14.65,05,2005,AZ_East,8
200509,5.6,11.75,12.65,05,2005,AZ_East,9
200510,21.25,8.05,1.7,05,2005,AZ_East,10
200508,1.25,8.55,20.2,08,2005,AZ_East,8
200509,7.65,9.75,13.6,08,2005,AZ_East,9
200510,23,5.85,2.15,08,2005,AZ_East,10
200606,27.1,2.6,0.3,02,2006,AZ_East,6
200607,9.25,14.95,6.8,02,2006,AZ_East,7
200608,3.5,14.55,12.95,02,2006,AZ_East,8
200606,24.8,4.65,0.55,05,2006,AZ_East,6
200607,9.9,14.7,6.4,05,2006,AZ_East,7
200608,3.05,13.95,14,05,2006,AZ_East,8
200609,5.95,14.15,9.9,05,2006,AZ_East,9
200610,22.45,6.8,1.75,05,2006,AZ_East,10
200608,4,19.3,6.7,08,2006,AZ_East,8
200609,7.55,14.45,9,08,2006,AZ_East,9
200610,25.05,4.9,1.05,08,2006,AZ_East,10
200706,24.8,4.9,0.3,02,2007,AZ_East,6
200707,13.3,13.15,4.55,02,2007,AZ_East,7
200708,2.55,12.3,16.15,02,2007,AZ_East,8
200706,25.8,3.6,0.6,05,2007,AZ_East,6
200707,9.25,17.05,4.7,05,2007,AZ_East,7
200708,3.65,17.25,10.1,05,2007,AZ_East,8
200709,7.45,12.1,10.45,05,2007,AZ_East,9
200710,24.45,5.45,1.1,05,2007,AZ_East,10
200708,1.55,12.15,16.3,08,2007,AZ_East,8
200709,7.45,14.45,9.1,08,2007,AZ_East,9
200710,25.45,4.95,0.6,08,2007,AZ_East,10
200806,23,5.85,1.15,02,2008,AZ_East,6
200807,6.65,18.55,5.8,02,2008,AZ_East,7
200808,3.85,13.25,13.9,02,2008,AZ_East,8
200806,25.7,3.9,0.4,05,2008,AZ_East,6
200807,6.8,17.5,6.7,05,2008,AZ_East,7
200808,1.9,17.55,11.55,05,2008,AZ_East,8
200809,5.7,12.05,12.25,05,2008,AZ_East,9
200810,20.8,8.5,1.7,05,2008,AZ_East,10
200808,4.65,20.9,4.45,08,2008,AZ_East,8
200809,7.3,16.15,7.55,08,2008,AZ_East,9
200810,25.15,5.05,0.8,08,2008,AZ_East,10
200906,24.25,4.7,1.05,02,2009,AZ_East,6
200907,9.25,14,7.75,02,2009,AZ_East,7
200908,5.25,15.75,10,02,2009,AZ_East,8
200906,23.1,6.05,0.85,05,2009,AZ_East,6
200907,5.95,16.35,8.7,05,2009,AZ_East,7
200908,2,15.7,13.3,05,2009,AZ_East,8
200909,4.85,14.15,11,05,2009,AZ_East,9
200910,19.65,8.2,3.15,05,2009,AZ_East,10
200908,12.8,15.1,2.1,08,2009,AZ_East,8
200909,10.55,14.2,6.25,08,2009,AZ_East,9
200910,23.2,6.5,1.3,08,2009,AZ_East,10
201006,25.55,3.5,0.95,02,2010,AZ_East,6
201007,11.85,13.35,5.8,02,2010,AZ_East,7
201008,4.45,14.5,12.05,02,2010,AZ_East,8
201006,26.5,3.25,0.25,05,2010,AZ_East,6
201007,12.05,13.9,5.05,05,2010,AZ_East,7
201008,3.5,13.95,13.55,05,2010,AZ_East,8
201009,6.85,14,9.15,05,2010,AZ_East,9
201010,24.75,5.4,0.85,05,2010,AZ_East,10
201008,3.05,10.85,16.1,08,2010,AZ_East,8
201009,7.05,12.95,11,08,2010,AZ_East,9
201010,27.1,3.2,0.7,08,2010,AZ_East,10
201106,26.55,2.7,0.75,02,2011,AZ_East,6
201107,12,12.55,6.45,02,2011,AZ_East,7
201108,1.5,12.2,17.3,02,2011,AZ_East,8
201106,27.1,2.65,0.25,05,2011,AZ_East,6
201107,10.7,15.65,4.65,05,2011,AZ_East,7
201108,2.35,15.05,13.6,05,2011,AZ_East,8
201109,7.3,13.4,9.3,05,2011,AZ_East,9
201110,23.1,6.8,1.1,05,2011,AZ_East,10
201108,6.7,13.65,9.65,08,2011,AZ_East,8
201109,9.3,12.35,9.35,08,2011,AZ_East,9
201110,24.9,5.45,0.65,08,2011,AZ_East,10
201206,25.5,4.15,0.35,02,2012,AZ_East,6
201207,10.35,14.7,5.95,02,2012,AZ_East,7
201208,2.35,15.2,13.45,02,2012,AZ_East,8
201206,27.45,2.35,0.2,05,2012,AZ_East,6
201207,8.1,16,6.9,05,2012,AZ_East,7
201208,3.95,17.05,10,05,2012,AZ_East,8
201209,5.85,14,10.15,05,2012,AZ_East,9
201210,23.8,6.1,1.1,05,2012,AZ_East,10
201208,4.25,17.4,8.35,08,2012,AZ_East,8
201209,10.1,14.65,6.25,08,2012,AZ_East,9
201210,23.75,5.75,1.5,08,2012,AZ_East,10
201306,27.45,2.4,0.15,02,2013,AZ_East,6
201307,8.35,15.65,7,02,2013,AZ_East,7
201308,4.6,15.05,11.35,02,2013,AZ_East,8
201306,25.85,3.8,0.35,05,2013,AZ_East,6
201307,10.4,14.25,6.35,05,2013,AZ_East,7
201308,4.65,13.65,12.7,05,2013,AZ_East,8
201309,6.55,13.95,9.5,05,2013,AZ_East,9
201310,20.4,9.2,1.4,05,2013,AZ_East,10
201308,9.95,15.05,5,08,2013,AZ_East,8
201309,9.8,12.45,8.75,08,2013,AZ_East,9
201310,22.95,6.3,1.75,08,2013,AZ_East,10
201406,23.75,5.2,1.05,02,2014,AZ_East,6
201407,11.05,15.75,4.2,02,2014,AZ_East,7
201408,2.95,15.7,12.35,02,2014,AZ_East,8
201406,24.25,5.1,0.65,05,2014,AZ_East,6
201407,9.1,15.15,6.75,05,2014,AZ_East,7
201408,1.5,13.3,16.2,05,2014,AZ_East,8
201409,5.55,12.7,11.75,05,2014,AZ_East,9
201410,21.2,7.85,1.95,05,2014,AZ_East,10
201408,3.65,14.55,11.8,08,2014,AZ_East,8
201409,7.2,14,9.8,08,2014,AZ_East,9
201410,20.8,7.85,2.35,08,2014,AZ_East,10
201506,22.1,6.75,1.15,02,2015,AZ_East,6
201507,10.5,15.5,5,02,2015,AZ_East,7
201508,3,15.15,12.85,02,2015,AZ_East,8
201506,20.5,8.15,1.35,05,2015,AZ_East,6
201507,6.7,15.55,8.75,05,2015,AZ_East,7
201508,3.85,11.05,16.1,05,2015,AZ_East,8
201509,4.95,14,11.05,05,2015,AZ_East,9
201510,16.85,10.45,3.7,05,2015,AZ_East,10
201508,12.85,13.1,4.05,08,2015,AZ_East,8
201509,9.9,14.6,6.5,08,2015,AZ_East,9
201510,19.65,9.15,2.2,08,2015,AZ_East,10
201606,24.65,4.7,0.65,02,2016,AZ_East,6
201607,12.8,13.1,5.1,02,2016,AZ_East,7
201608,2.7,14.75,13.55,02,2016,AZ_East,8
201606,21.05,8.45,0.5,05,2016,AZ_East,6
201607,6.25,16.4,8.35,05,2016,AZ_East,7
201608,1.95,13.7,15.35,05,2016,AZ_East,8
201609,2.9,10.2,16.9,05,2016,AZ_East,9
201610,21.35,7.65,2,05,2016,AZ_East,10
201608,1.2,14.4,14.4,08,2016,AZ_East,8
201609,6.6,13.1,11.3,08,2016,AZ_East,9
201610,20.8,8.7,1.5,08,2016,AZ_East,10
201706,25.45,3.9,0.65,02,2017,AZ_East,6
201707,10.3,13.1,7.6,02,2017,AZ_East,7
201708,3.95,13.6,13.45,02,2017,AZ_East,8
201706,23.5,6.35,0.15,05,2017,AZ_East,6
201707,7.65,17.45,5.9,05,2017,AZ_East,7
201708,2.85,15.05,13.1,05,2017,AZ_East,8
201709,5,13.5,11.5,05,2017,AZ_East,9
201710,19.1,9.4,2.5,05,2017,AZ_East,10
201708,1.85,15.2,12.95,08,2017,AZ_East,8
201709,5.4,13.7,11.9,08,2017,AZ_East,9
201710,23,6.4,1.6,08,2017,AZ_East,10
201806,25.1,4.55,0.35,02,2018,AZ_East,6
201807,9,15.25,6.75,02,2018,AZ_East,7
201808,1.85,13.95,15.2,02,2018,AZ_East,8
201806,22.45,6.25,1.3,05,2018,AZ_East,6
201807,6.7,15.95,8.35,05,2018,AZ_East,7
201808,1.35,17.9,11.75,05,2018,AZ_East,8
201809,2.35,14.2,13.45,05,2018,AZ_East,9
201810,17.5,10.45,3.05,05,2018,AZ_East,10
201808,2.05,16.25,11.7,08,2018,AZ_East,8
201809,7.9,14.65,8.45,08,2018,AZ_East,9
201810,20.5,8.05,2.45,08,2018,AZ_East,10
201906,23.2,6.3,0.5,02,2019,AZ_East,6
201907,9.05,14.6,7.35,02,2019,AZ_East,7
201908,3.3,13.4,14.3,02,2019,AZ_East,8
201906,22.7,6.2,1.1,05,2019,AZ_East,6
201907,7.65,13.8,9.55,05,2019,AZ_East,7
201908,2.2,17.45,11.35,05,2019,AZ_East,8
201909,4.05,13.6,12.35,05,2019,AZ_East,9
201910,14.75,12.75,3.5,05,2019,AZ_East,10
201908,8.85,15.25,5.9,08,2019,AZ_East,8
201909,7.35,14.05,9.6,08,2019,AZ_East,9
201910,23,6.3,1.7,08,2019,AZ_East,10
197906,19.8,9.2,1,02,1979,AZ_West,6
197907,13.4,15.2,2.4,02,1979,AZ_West,7
197908,8.65,15.55,6.8,02,1979,AZ_West,8
197906,20.7,9.15,0.15,05,1979,AZ_West,6
197907,13.7,14.2,3.1,05,1979,AZ_West,7
197908,6.6,13.95,10.45,05,1979,AZ_West,8
197909,10.75,13.5,5.75,05,1979,AZ_West,9
197910,22.7,7.15,1.15,05,1979,AZ_West,10
197908,16.55,12.2,1.25,08,1979,AZ_West,8
197909,14.15,11.9,4.95,08,1979,AZ_West,9
197910,23.3,6.7,1,08,1979,AZ_West,10
198006,18.8,10.9,0.3,11,1979,AZ_West,6
198007,11.9,14.85,4.25,11,1979,AZ_West,7
198008,4.95,17.4,8.65,11,1979,AZ_West,8
198009,8.25,13.25,8.5,11,1979,AZ_West,9
198010,16.5,11.8,2.7,11,1979,AZ_West,10
198006,20.45,9.5,0.05,02,1980,AZ_West,6
198007,14.65,13.15,3.2,02,1980,AZ_West,7
198008,7.85,13.15,10,02,1980,AZ_West,8
198006,19.35,9.8,0.85,05,1980,AZ_West,6
198007,8.1,14.65,8.25,05,1980,AZ_West,7
198008,3.8,13.75,13.45,05,1980,AZ_West,8
198009,9.3,13.55,7.15,05,1980,AZ_West,9
198010,20.8,7.8,2.4,05,1980,AZ_West,10
198008,2.55,11.9,15.55,08,1980,AZ_West,8
198009,13.1,12.85,5.05,08,1980,AZ_West,9
198010,19.55,9.95,1.5,08,1980,AZ_West,10
198106,20,9.65,0.35,11,1980,AZ_West,6
198107,11.05,15.1,4.85,11,1980,AZ_West,7
198108,5.7,13.6,11.7,11,1980,AZ_West,8
198109,8.25,13.25,8.5,11,1980,AZ_West,9
198110,18.9,9.45,2.65,11,1980,AZ_West,10
198106,24.4,5.15,0.45,02,1981,AZ_West,6
198107,11.25,13.55,6.2,02,1981,AZ_West,7
198108,2.9,13.7,14.4,02,1981,AZ_West,8
198106,24.3,5.45,0.25,05,1981,AZ_West,6
198107,9.45,14.5,7.05,05,1981,AZ_West,7
198108,2.7,11.85,16.45,05,1981,AZ_West,8
198109,5.15,13.1,11.75,05,1981,AZ_West,9
198110,20.8,9.15,1.05,05,1981,AZ_West,10
198108,11.7,13.3,5,08,1981,AZ_West,8
198109,8.4,13.45,9.15,08,1981,AZ_West,9
198110,21.45,8.3,1.25,08,1981,AZ_West,10
198206,22.85,6.95,0.2,11,1981,AZ_West,6
198207,15.95,12,3.05,11,1981,AZ_West,7
198208,8.55,16.3,6.15,11,1981,AZ_West,8
198209,8.6,12.55,8.85,11,1981,AZ_West,9
198210,19.65,9.75,1.6,11,1981,AZ_West,10
198206,22.65,6.45,0.9,02,1982,AZ_West,6
198207,16.55,11.25,3.2,02,1982,AZ_West,7
198208,8.1,14.05,8.85,02,1982,AZ_West,8
198206,22.4,7.15,0.45,05,1982,AZ_West,6
198207,11.65,13.05,6.3,05,1982,AZ_West,7
198208,6.55,15.55,8.9,05,1982,AZ_West,8
198209,10.45,13.55,6,05,1982,AZ_West,9
198210,18.85,9.95,2.2,05,1982,AZ_West,10
198208,9.25,14.5,6.25,08,1982,AZ_West,8
198209,10.2,13.6,7.2,08,1982,AZ_West,9
198210,18.6,10.45,1.95,08,1982,AZ_West,10
198306,19.85,9.5,0.65,11,1982,AZ_West,6
198307,15.5,12.7,2.8,11,1982,AZ_West,7
198308,8.65,15.15,7.2,11,1982,AZ_West,8
198309,9.25,14.65,6.1,11,1982,AZ_West,9
198310,21.8,8,1.2,11,1982,AZ_West,10
198306,18.75,10.85,0.4,02,1983,AZ_West,6
198307,17.35,11.85,1.8,02,1983,AZ_West,7
198308,9.85,15.25,5.9,02,1983,AZ_West,8
198306,16.95,11.95,1.1,05,1983,AZ_West,6
198307,18.3,10.15,2.55,05,1983,AZ_West,7
198308,10.45,15.15,5.4,05,1983,AZ_West,8
198309,10.25,14.25,5.5,05,1983,AZ_West,9
198310,21.75,8.4,0.85,05,1983,AZ_West,10
198308,2.05,10.85,17.1,08,1983,AZ_West,8
198309,9.6,13.7,7.7,08,1983,AZ_West,9
198310,19.9,9,2.1,08,1983,AZ_West,10
198406,19.85,9.65,0.5,11,1983,AZ_West,6
198407,12.75,12.4,5.85,11,1983,AZ_West,7
198408,4.85,13.15,13,11,1983,AZ_West,8
198409,8,13.7,8.3,11,1983,AZ_West,9
198410,20.35,8.4,2.25,11,1983,AZ_West,10
198406,23.75,5.85,0.4,02,1984,AZ_West,6
198407,13.65,13.45,3.9,02,1984,AZ_West,7
198408,4.2,13.85,12.95,02,1984,AZ_West,8
198406,23.1,6.65,0.25,05,1984,AZ_West,6
198407,8.65,16.15,6.2,05,1984,AZ_West,7
198408,5.25,13.3,12.45,05,1984,AZ_West,8
198409,9.05,12,8.95,05,1984,AZ_West,9
198410,22.75,7.35,0.9,05,1984,AZ_West,10
198408,3.85,15.15,11,08,1984,AZ_West,8
198409,7.35,14.15,9.5,08,1984,AZ_West,9
198410,21.2,7.8,2,08,1984,AZ_West,10
198506,23.15,6.65,0.2,11,1984,AZ_West,6
198507,12.35,13.15,5.5,11,1984,AZ_West,7
198508,7,15,9,11,1984,AZ_West,8
198509,5.1,13.5,11.4,11,1984,AZ_West,9
198510,15.85,11.45,3.7,11,1984,AZ_West,10
198506,23.45,6.25,0.3,02,1985,AZ_West,6
198507,14.1,13.2,3.7,02,1985,AZ_West,7
198508,8.15,12.75,10.1,02,1985,AZ_West,8
198506,22.35,6.95,0.7,05,1985,AZ_West,6
198507,8.25,18.75,4,05,1985,AZ_West,7
198508,5.6,16.3,9.1,05,1985,AZ_West,8
198509,6.95,14.1,8.95,05,1985,AZ_West,9
198510,19,10.85,1.15,05,1985,AZ_West,10
198508,10,14.7,5.3,08,1985,AZ_West,8
198509,10.75,14.25,6,08,1985,AZ_West,9
198510,20.95,8.65,1.4,08,1985,AZ_West,10
198606,21.25,8.65,0.1,11,1985,AZ_West,6
198607,15.25,13,2.75,11,1985,AZ_West,7
198608,5.3,12.85,12.85,11,1985,AZ_West,8
198609,7.85,11.8,10.35,11,1985,AZ_West,9
198610,20.75,8.95,1.3,11,1985,AZ_West,10
198606,22.05,7.65,0.3,02,1986,AZ_West,6
198607,14.45,13.15,3.4,02,1986,AZ_West,7
198608,5.95,15.1,9.95,02,1986,AZ_West,8
198606,24.1,5.45,0.45,05,1986,AZ_West,6
198607,8.5,16.55,5.95,05,1986,AZ_West,7
198608,4.95,17.25,8.8,05,1986,AZ_West,8
198609,6.7,13,10.3,05,1986,AZ_West,9
198610,20.7,9.2,1.1,05,1986,AZ_West,10
198608,16.5,11.5,2,08,1986,AZ_West,8
198609,8.75,15.65,6.6,08,1986,AZ_West,9
198610,20,10.1,0.9,08,1986,AZ_West,10
198706,19.45,10,0.55,11,1986,AZ_West,6
198707,12.35,14.2,4.45,11,1986,AZ_West,7
198708,4.2,13.75,13.05,11,1986,AZ_West,8
198709,6.7,12.7,10.6,11,1986,AZ_West,9
198710,17.1,11.15,2.75,11,1986,AZ_West,10
198706,21.85,7.85,0.3,02,1987,AZ_West,6
198707,16,10.6,4.4,02,1987,AZ_West,7
198708,7.7,11.8,11.5,02,1987,AZ_West,8
198706,21.65,7.85,0.5,05,1987,AZ_West,6
198707,15.3,13.7,2,05,1987,AZ_West,7
198708,7.5,16.6,6.9,05,1987,AZ_West,8
198709,7.6,13.1,9.3,05,1987,AZ_West,9
198710,20.7,8.45,1.85,05,1987,AZ_West,10
198708,6.15,17,6.85,08,1987,AZ_West,8
198709,13.65,11.4,5.95,08,1987,AZ_West,9
198710,20.5,8.9,1.6,08,1987,AZ_West,10
198806,21.8,7.7,0.5,11,1987,AZ_West,6
198807,9.7,16.85,4.45,11,1987,AZ_West,7
198808,6.05,14.15,10.8,11,1987,AZ_West,8
198809,6.75,12.2,11.05,11,1987,AZ_West,9
198810,20.7,8.45,1.85,11,1987,AZ_West,10
198806,21.9,7.95,0.15,02,1988,AZ_West,6
198807,12.65,13.45,4.9,02,1988,AZ_West,7
198808,4.7,13,13.3,02,1988,AZ_West,8
198806,18.6,10.7,0.7,05,1988,AZ_West,6
198807,10.4,15.85,4.75,05,1988,AZ_West,7
198808,4.35,13.7,12.95,05,1988,AZ_West,8
198809,7.6,11.85,10.55,05,1988,AZ_West,9
198810,23.35,7,0.65,05,1988,AZ_West,10
198808,4.05,10.9,15.05,08,1988,AZ_West,8
198809,10.15,12.2,8.65,08,1988,AZ_West,9
198810,23.1,7.3,0.6,08,1988,AZ_West,10
198906,23.15,5.6,1.25,11,1988,AZ_West,6
198907,7.75,16.2,7.05,11,1988,AZ_West,7
198908,5.45,12.3,13.25,11,1988,AZ_West,8
198909,6.1,12.7,11.2,11,1988,AZ_West,9
198910,15.75,11.75,3.5,11,1988,AZ_West,10
198906,24.75,4.85,0.4,02,1989,AZ_West,6
198907,10.55,15.15,5.3,02,1989,AZ_West,7
198908,5.05,14.55,11.4,02,1989,AZ_West,8
198906,22.85,6.9,0.25,05,1989,AZ_West,6
198907,9.45,16.75,4.8,05,1989,AZ_West,7
198908,4.35,18.95,7.7,05,1989,AZ_West,8
198909,6.55,15.65,7.8,05,1989,AZ_West,9
198910,19.1,10.05,1.85,05,1989,AZ_West,10
198908,5.5,17.15,7.35,08,1989,AZ_West,8
198909,7.75,13.1,10.15,08,1989,AZ_West,9
198910,23.3,6.4,1.3,08,1989,AZ_West,10
199006,19.4,10.35,0.25,11,1989,AZ_West,6
199007,12.05,14.55,4.4,11,1989,AZ_West,7
199008,6.05,15.4,9.55,11,1989,AZ_West,8
199009,6.8,13,10.2,11,1989,AZ_West,9
199010,15.7,12.15,3.15,11,1989,AZ_West,10
199006,21.3,8.15,0.55,02,1990,AZ_West,6
199007,12.5,12.45,6.05,02,1990,AZ_West,7
199008,4.1,15.65,11.25,02,1990,AZ_West,8
199006,22.9,6.4,0.7,05,1990,AZ_West,6
199007,8.4,16.4,6.2,05,1990,AZ_West,7
199008,5.8,15.6,9.6,05,1990,AZ_West,8
199009,8.75,12.9,8.35,05,1990,AZ_West,9
199010,20.25,8.6,2.15,05,1990,AZ_West,10
199008,7.9,17.3,4.8,08,1990,AZ_West,8
199009,9.25,13.75,8,08,1990,AZ_West,9
199010,18.75,10.2,2.05,08,1990,AZ_West,10
199106,22.8,6.95,0.25,11,1990,AZ_West,6
199107,11.7,15.8,3.5,11,1990,AZ_West,7
199108,7.15,15.5,8.35,11,1990,AZ_West,8
199109,9.8,13,7.2,11,1990,AZ_West,9
199110,22.1,8.15,0.75,11,1990,AZ_West,10
199106,24.6,5.2,0.2,02,1991,AZ_West,6
199107,14.55,13.7,2.75,02,1991,AZ_West,7
199108,5.7,17,8.3,02,1991,AZ_West,8
199106,20.95,8.6,0.45,05,1991,AZ_West,6
199107,10.3,15.7,5,05,1991,AZ_West,7
199108,6.45,15.55,9,05,1991,AZ_West,8
199109,9.15,14,6.85,05,1991,AZ_West,9
199110,21.5,8.3,1.2,05,1991,AZ_West,10
199108,6.8,17.1,6.1,08,1991,AZ_West,8
199109,8.35,13.3,9.35,08,1991,AZ_West,9
199110,18.45,10.3,2.25,08,1991,AZ_West,10
199206,17.95,11.6,0.45,11,1991,AZ_West,6
199207,14.85,13.3,2.85,11,1991,AZ_West,7
199208,6.55,14.75,9.7,11,1991,AZ_West,8
199209,9,11.7,9.3,11,1991,AZ_West,9
199210,19.25,8.6,3.15,11,1991,AZ_West,10
199206,19.9,9.5,0.6,02,1992,AZ_West,6
199207,17.6,10.5,2.9,02,1992,AZ_West,7
199208,7.4,14.35,9.25,02,1992,AZ_West,8
199206,18.3,10.35,1.35,05,1992,AZ_West,6
199207,12.3,13.3,5.4,05,1992,AZ_West,7
199208,4.8,16.65,9.55,05,1992,AZ_West,8
199209,6,14.9,9.1,05,1992,AZ_West,9
199210,18.1,11.15,1.75,05,1992,AZ_West,10
199208,4.5,18.25,7.25,08,1992,AZ_West,8
199209,9.3,14.95,6.75,08,1992,AZ_West,9
199210,16.85,11,3.15,08,1992,AZ_West,10
199306,19.35,9.95,0.7,11,1992,AZ_West,6
199307,10.7,14.9,5.4,11,1992,AZ_West,7
199308,2.15,15.25,13.6,11,1992,AZ_West,8
199309,4.4,13.35,12.25,11,1992,AZ_West,9
199310,17.75,10.15,3.1,11,1992,AZ_West,10
199306,19.9,9.45,0.65,02,1993,AZ_West,6
199307,12.95,13.75,4.3,02,1993,AZ_West,7
199308,4.05,13.5,13.45,02,1993,AZ_West,8
199306,17,12.05,0.95,05,1993,AZ_West,6
199307,12.2,14.2,4.6,05,1993,AZ_West,7
199308,5.35,14.4,11.25,05,1993,AZ_West,8
199309,7.2,13.3,9.5,05,1993,AZ_West,9
199310,19.45,9.55,2,05,1993,AZ_West,10
199308,9,17.8,3.2,08,1993,AZ_West,8
199309,11.8,11.65,7.55,08,1993,AZ_West,9
199310,20.1,9.35,1.55,08,1993,AZ_West,10
199406,19.25,10.05,0.7,11,1993,AZ_West,6
199407,10.45,15.8,4.75,11,1993,AZ_West,7
199408,5.45,15.3,10.25,11,1993,AZ_West,8
199409,6.2,15.35,8.45,11,1993,AZ_West,9
199410,20.35,9.3,1.35,11,1993,AZ_West,10
199406,21.75,7.85,0.4,02,1994,AZ_West,6
199407,9.2,17.2,4.6,02,1994,AZ_West,7
199408,5.15,16.1,9.75,02,1994,AZ_West,8
199406,19.2,10.5,0.3,05,1994,AZ_West,6
199407,10.85,14.9,5.25,05,1994,AZ_West,7
199408,4.05,16.6,10.35,05,1994,AZ_West,8
199409,5.9,14.05,10.05,05,1994,AZ_West,9
199410,19.25,8.55,3.2,05,1994,AZ_West,10
199408,8.2,16.05,5.75,08,1994,AZ_West,8
199409,11.95,12.95,6.1,08,1994,AZ_West,9
199410,22.6,7.15,1.25,08,1994,AZ_West,10
199506,20.85,8.95,0.2,11,1994,AZ_West,6
199507,10.6,14.9,5.5,11,1994,AZ_West,7
199508,4.5,14.4,12.1,11,1994,AZ_West,8
199509,6.05,12.25,11.7,11,1994,AZ_West,9
199510,19.05,9.7,2.25,11,1994,AZ_West,10
199506,22.05,7.65,0.3,02,1995,AZ_West,6
199507,13,14.65,3.35,02,1995,AZ_West,7
199508,4.05,13.65,13.3,02,1995,AZ_West,8
199506,20.6,9,0.4,05,1995,AZ_West,6
199507,13.9,13.2,3.9,05,1995,AZ_West,7
199508,5.2,12.95,12.85,05,1995,AZ_West,8
199509,5.45,11.1,13.45,05,1995,AZ_West,9
199510,19.4,9.35,2.25,05,1995,AZ_West,10
199508,3.05,14.75,12.2,08,1995,AZ_West,8
199509,8.55,15.05,7.4,08,1995,AZ_West,9
199510,20.3,8.8,1.9,08,1995,AZ_West,10
199606,19.05,10.45,0.5,11,1995,AZ_West,6
199607,10.6,16.2,4.2,11,1995,AZ_West,7
199608,6.05,16.05,8.9,11,1995,AZ_West,8
199609,5.95,13.85,10.2,11,1995,AZ_West,9
199610,20.8,8,2.2,11,1995,AZ_West,10
199606,24.5,5.25,0.25,02,1996,AZ_West,6
199607,12.65,13.55,4.8,02,1996,AZ_West,7
199608,4.2,12.75,14.05,02,1996,AZ_West,8
199606,23.75,6,0.25,05,1996,AZ_West,6
199607,12.65,14.95,3.4,05,1996,AZ_West,7
199608,3,15.15,12.85,05,1996,AZ_West,8
199609,7.65,12.45,9.9,05,1996,AZ_West,9
199610,20.7,8.75,1.55,05,1996,AZ_West,10
199608,6.85,13,10.15,08,1996,AZ_West,8
199609,11.8,14.3,4.9,08,1996,AZ_West,9
199610,20.9,8.7,1.4,08,1996,AZ_West,10
199706,24.2,5.75,0.05,11,1996,AZ_West,6
199707,8,14.9,8.1,11,1996,AZ_West,7
199708,3.15,15.75,12.1,11,1996,AZ_West,8
199709,8.45,12.1,9.45,11,1996,AZ_West,9
199710,19.95,9.2,1.85,11,1996,AZ_West,10
199706,22,7.6,0.4,02,1997,AZ_West,6
199707,10.2,14.9,5.9,02,1997,AZ_West,7
199708,6,16.15,8.85,02,1997,AZ_West,8
199706,22,7.6,0.4,05,1997,AZ_West,6
199707,11.85,13.65,5.5,05,1997,AZ_West,7
199708,6.35,14.2,10.45,05,1997,AZ_West,8
199709,6.05,14.3,9.65,05,1997,AZ_West,9
199710,17.15,11.3,2.55,05,1997,AZ_West,10
199708,3.25,17.75,9,08,1997,AZ_West,8
199709,8.95,14.4,7.65,08,1997,AZ_West,9
199710,19.4,8.65,2.95,08,1997,AZ_West,10
199806,19.3,10,0.7,11,1997,AZ_West,6
199807,13.2,14.65,3.15,11,1997,AZ_West,7
199808,6.1,12.5,12.4,11,1997,AZ_West,8
199809,10.75,12.7,6.55,11,1997,AZ_West,9
199810,22.8,6.65,1.55,11,1997,AZ_West,10
199806,21,8.75,0.25,02,1998,AZ_West,6
199807,10.8,13.05,7.15,02,1998,AZ_West,7
199808,5.05,12.5,13.45,02,1998,AZ_West,8
199806,15.25,13.7,1.05,05,1998,AZ_West,6
199807,11.8,14.25,4.95,05,1998,AZ_West,7
199808,4.8,13.65,12.55,05,1998,AZ_West,8
199809,7.5,10.15,12.35,05,1998,AZ_West,9
199810,20.15,9.05,1.8,05,1998,AZ_West,10
199808,2.6,17.75,9.65,08,1998,AZ_West,8
199809,5.65,15.6,9.75,08,1998,AZ_West,9
199810,20.55,8.4,2.05,08,1998,AZ_West,10
199906,22,7.35,0.65,11,1998,AZ_West,6
199907,11.85,13.85,5.3,11,1998,AZ_West,7
199908,6.8,13.7,10.5,11,1998,AZ_West,8
199909,6.5,13.45,10.05,11,1998,AZ_West,9
199910,18.8,9.4,2.8,11,1998,AZ_West,10
199906,19.65,9.1,1.25,02,1999,AZ_West,6
199907,12.95,12.9,5.15,02,1999,AZ_West,7
199908,4.2,13.85,12.95,02,1999,AZ_West,8
199906,22.05,7.65,0.3,05,1999,AZ_West,6
199907,9.05,15.85,6.1,05,1999,AZ_West,7
199908,5.35,15.1,10.55,05,1999,AZ_West,8
199909,8.45,13.2,8.35,05,1999,AZ_West,9
199910,22.7,7.5,0.8,05,1999,AZ_West,10
199908,3.55,18.5,7.95,08,1999,AZ_West,8
199909,8.85,12,10.15,08,1999,AZ_West,9
199910,24.45,5.75,0.8,08,1999,AZ_West,10
200006,22,7.65,0.35,11,1999,AZ_West,6
200007,12.65,15.6,2.75,11,1999,AZ_West,7
200008,7.55,15.55,7.9,11,1999,AZ_West,8
200009,8.75,13.25,8,11,1999,AZ_West,9
200010,18.65,10.25,2.1,11,1999,AZ_West,10
200006,24.75,5.05,0.2,02,2000,AZ_West,6
200007,12.8,12.6,5.6,02,2000,AZ_West,7
200008,5.7,15.1,10.2,02,2000,AZ_West,8
200006,21.55,7.65,0.8,05,2000,AZ_West,6
200007,7.4,16.9,6.7,05,2000,AZ_West,7
200008,5.9,14.35,10.75,05,2000,AZ_West,8
200009,8.4,12.65,8.95,05,2000,AZ_West,9
200010,23.1,6.45,1.45,05,2000,AZ_West,10
200008,4.95,16.85,8.2,08,2000,AZ_West,8
200009,13.25,12.5,5.25,08,2000,AZ_West,9
200010,23.25,6.45,1.3,08,2000,AZ_West,10
200106,20.4,8.8,0.8,11,2000,AZ_West,6
200107,10.3,15.75,4.95,11,2000,AZ_West,7
200108,4.45,16.7,9.85,11,2000,AZ_West,8
200109,7.15,14.15,8.7,11,2000,AZ_West,9
200110,16,11.15,3.85,11,2000,AZ_West,10
200106,21.7,7.55,0.75,02,2001,AZ_West,6
200107,8,16.25,6.75,02,2001,AZ_West,7
200108,2.35,14.75,13.9,02,2001,AZ_West,8
200106,20.95,8.25,0.8,05,2001,AZ_West,6
200107,7.9,16.65,6.45,05,2001,AZ_West,7
200108,5.35,14,11.65,05,2001,AZ_West,8
200109,6.95,13.45,9.6,05,2001,AZ_West,9
200110,19.75,9.9,1.35,05,2001,AZ_West,10
200108,4.35,16.1,9.55,08,2001,AZ_West,8
200109,9.65,13.3,8.05,08,2001,AZ_West,9
200110,20.75,9.05,1.2,08,2001,AZ_West,10
200206,23.2,6.55,0.25,11,2001,AZ_West,6
200207,11.15,16.4,3.45,11,2001,AZ_West,7
200208,5.45,16.75,8.8,11,2001,AZ_West,8
200209,5.05,12.1,12.85,11,2001,AZ_West,9
200210,18.9,9.65,2.45,11,2001,AZ_West,10
200206,20.25,9.5,0.25,02,2002,AZ_West,6
200207,13.5,12.55,4.95,02,2002,AZ_West,7
200208,7.55,15,8.45,02,2002,AZ_West,8
200206,23.85,5.9,0.25,05,2002,AZ_West,6
200207,11.4,13.8,5.8,05,2002,AZ_West,7
200208,5.85,16.7,8.45,05,2002,AZ_West,8
200209,8.45,12.95,8.6,05,2002,AZ_West,9
200210,20.2,8.6,2.2,05,2002,AZ_West,10
200208,6.7,18.75,4.55,08,2002,AZ_West,8
200209,10.6,14.75,5.65,08,2002,AZ_West,9
200210,21.5,8.3,1.2,08,2002,AZ_West,10
200306,18.6,11,0.4,11,2002,AZ_West,6
200307,14.1,13.15,3.75,11,2002,AZ_West,7
200308,4.5,15.05,11.45,11,2002,AZ_West,8
200309,5.35,14.3,10.35,11,2002,AZ_West,9
200310,20.5,8.65,1.85,11,2002,AZ_West,10
200306,21.85,8.15,0,02,2003,AZ_West,6
200307,12.1,13.6,5.3,02,2003,AZ_West,7
200308,5.7,13.9,11.4,02,2003,AZ_West,8
200306,20.8,8.25,0.95,05,2003,AZ_West,6
200307,9.1,15,6.9,05,2003,AZ_West,7
200308,3.15,14.3,13.55,05,2003,AZ_West,8
200309,7.3,12.3,10.4,05,2003,AZ_West,9
200310,20.4,8.95,1.65,05,2003,AZ_West,10
200308,4,14.15,11.85,08,2003,AZ_West,8
200309,9.6,14.15,7.25,08,2003,AZ_West,9
200310,19.25,9.25,2.5,08,2003,AZ_West,10
200406,23.55,6.2,0.25,11,2003,AZ_West,6
200407,13.8,12.9,4.3,11,2003,AZ_West,7
200408,3.75,14.3,12.95,11,2003,AZ_West,8
200409,7.5,12.5,10,11,2003,AZ_West,9
200410,17.85,10.15,3,11,2003,AZ_West,10
200406,24.2,5.55,0.25,02,2004,AZ_West,6
200407,12.85,11.95,6.2,02,2004,AZ_West,7
200408,3.65,13.95,13.4,02,2004,AZ_West,8
200406,20.65,7.65,1.7,05,2004,AZ_West,6
200407,8.5,17,5.5,05,2004,AZ_West,7
200408,3.2,14.55,13.25,05,2004,AZ_West,8
200409,5.1,13.35,11.55,05,2004,AZ_West,9
200410,21.25,8.2,1.55,05,2004,AZ_West,10
200408,14.55,14.6,0.85,08,2004,AZ_West,8
200409,12.3,13.5,5.2,08,2004,AZ_West,9
200410,18.65,9.8,2.55,08,2004,AZ_West,10
200506,20.75,8.8,0.45,11,2004,AZ_West,6
200507,12.5,15.05,3.45,11,2004,AZ_West,7
200508,6.3,16.25,8.45,11,2004,AZ_West,8
200509,5.55,12.95,11.5,11,2004,AZ_West,9
200510,16.5,11.45,3.05,11,2004,AZ_West,10
200506,20.75,8.9,0.35,02,2005,AZ_West,6
200507,12.4,13.75,4.85,02,2005,AZ_West,7
200508,3.4,13.25,14.35,02,2005,AZ_West,8
200506,19.75,9.4,0.85,05,2005,AZ_West,6
200507,6.7,14.8,9.5,05,2005,AZ_West,7
200508,4.5,13.25,13.25,05,2005,AZ_West,8
200509,5.8,11.75,12.45,05,2005,AZ_West,9
200510,19.8,9.45,1.75,05,2005,AZ_West,10
200508,1.8,10.15,18.05,08,2005,AZ_West,8
200509,8.15,10.75,12.1,08,2005,AZ_West,9
200510,20.65,8,2.35,08,2005,AZ_West,10
200606,22.2,7.2,0.6,11,2005,AZ_West,6
200607,12.2,15.7,3.1,11,2005,AZ_West,7
200608,6,15.6,9.4,11,2005,AZ_West,8
200609,4.6,12.65,12.75,11,2005,AZ_West,9
200610,17.4,11.3,2.3,11,2005,AZ_West,10
200606,24.75,4.75,0.5,02,2006,AZ_West,6
200607,9.5,15.35,6.15,02,2006,AZ_West,7
200608,5,14.4,11.6,02,2006,AZ_West,8
200606,22.55,6.95,0.5,05,2006,AZ_West,6
200607,10.75,14.4,5.85,05,2006,AZ_West,7
200608,4.5,13.6,12.9,05,2006,AZ_West,8
200609,7.05,14.25,8.7,05,2006,AZ_West,9
200610,20.9,8.2,1.9,05,2006,AZ_West,10
200608,7.95,16.65,5.4,08,2006,AZ_West,8
200609,8.25,14.45,8.3,08,2006,AZ_West,9
200610,23.1,6.4,1.5,08,2006,AZ_West,10
200706,20.8,8.75,0.45,11,2006,AZ_West,6
200707,10.9,14.1,6,11,2006,AZ_West,7
200708,4.5,14.8,11.7,11,2006,AZ_West,8
200709,6.3,14,9.7,11,2006,AZ_West,9
200710,18.35,9.45,3.2,11,2006,AZ_West,10
200706,21.9,7.9,0.2,02,2007,AZ_West,6
200707,14.5,12.45,4.05,02,2007,AZ_West,7
200708,3.95,12.5,14.55,02,2007,AZ_West,8
200706,23.5,5.9,0.6,05,2007,AZ_West,6
200707,11.45,15.6,3.95,05,2007,AZ_West,7
200708,6.05,16.65,8.3,05,2007,AZ_West,8
200709,9.3,11.05,9.65,05,2007,AZ_West,9
200710,22.15,7.55,1.3,05,2007,AZ_West,10
200708,3.85,11.45,14.7,08,2007,AZ_West,8
200709,10.05,12.75,8.2,08,2007,AZ_West,9
200710,23.45,6.6,0.95,08,2007,AZ_West,10
200806,22.15,6.95,0.9,11,2007,AZ_West,6
200807,8.75,16.45,5.8,11,2007,AZ_West,7
200808,3.6,12.6,14.8,11,2007,AZ_West,8
200809,8,13.65,8.35,11,2007,AZ_West,9
200810,19.4,9.45,2.15,11,2007,AZ_West,10
200806,21.75,7.2,1.05,02,2008,AZ_West,6
200807,8.65,17.35,5,02,2008,AZ_West,7
200808,5.85,12.2,12.95,02,2008,AZ_West,8
200806,24.7,5.05,0.25,05,2008,AZ_West,6
200807,8.15,16.75,6.1,05,2008,AZ_West,7
200808,3.55,17.25,10.2,05,2008,AZ_West,8
200809,7,11.6,11.4,05,2008,AZ_West,9
200810,19.1,9.75,2.15,05,2008,AZ_West,10
200808,7.1,18.75,4.15,08,2008,AZ_West,8
200809,8.7,15.95,6.35,08,2008,AZ_West,9
200810,23.35,6.25,1.4,08,2008,AZ_West,10
200906,20.5,8.75,0.75,11,2008,AZ_West,6
200907,10.4,16.95,3.65,11,2008,AZ_West,7
200908,3.3,13.95,13.75,11,2008,AZ_West,8
200909,8.1,11.65,10.25,11,2008,AZ_West,9
200910,17.9,10.95,2.15,11,2008,AZ_West,10
200906,21.25,7.65,1.1,02,2009,AZ_West,6
200907,10,14.05,6.95,02,2009,AZ_West,7
200908,7.7,13.9,9.4,02,2009,AZ_West,8
200906,20.55,8.8,0.65,05,2009,AZ_West,6
200907,6.5,16.25,8.25,05,2009,AZ_West,7
200908,3.25,14.65,13.1,05,2009,AZ_West,8
200909,4.9,14.9,10.2,05,2009,AZ_West,9
200910,18.95,8.35,3.7,05,2009,AZ_West,10
200908,13.4,14.6,2,08,2009,AZ_West,8
200909,11.4,13.2,6.4,08,2009,AZ_West,9
200910,19.1,10.15,1.75,08,2009,AZ_West,10
201006,21.4,7.75,0.85,11,2009,AZ_West,6
201007,10.55,16.2,4.25,11,2009,AZ_West,7
201008,5.45,13.3,12.25,11,2009,AZ_West,8
201009,7.15,12.2,10.65,11,2009,AZ_West,9
201010,17.7,10.75,2.55,11,2009,AZ_West,10
201006,20.25,8.7,1.05,02,2010,AZ_West,6
201007,11.9,13.75,5.35,02,2010,AZ_West,7
201008,6.1,14.1,10.8,02,2010,AZ_West,8
201006,22.65,6.75,0.6,05,2010,AZ_West,6
201007,12.4,13.75,4.85,05,2010,AZ_West,7
201008,5.3,14,11.7,05,2010,AZ_West,8
201009,9.3,12.55,8.15,05,2010,AZ_West,9
201010,24.45,5.75,0.8,05,2010,AZ_West,10
201008,5.25,11.55,13.2,08,2010,AZ_West,8
201009,9,12.8,9.2,08,2010,AZ_West,9
201010,26.25,3.95,0.8,08,2010,AZ_West,10
201106,25.2,4.65,0.15,11,2010,AZ_West,6
201107,10.45,16.15,4.4,11,2010,AZ_West,7
201108,7.9,13.15,9.95,11,2010,AZ_West,8
201109,6.65,11.1,12.25,11,2010,AZ_West,9
201110,18.35,10.05,2.6,11,2010,AZ_West,10
201106,24.75,4.5,0.75,02,2011,AZ_West,6
201107,12.25,12.75,6,02,2011,AZ_West,7
201108,3,12.1,15.9,02,2011,AZ_West,8
201106,24.65,5.15,0.2,05,2011,AZ_West,6
201107,11.95,14.5,4.55,05,2011,AZ_West,7
201108,3.5,16.15,11.35,05,2011,AZ_West,8
201109,8.15,13.5,8.35,05,2011,AZ_West,9
201110,21.75,8.2,1.05,05,2011,AZ_West,10
201108,7.85,13.45,8.7,08,2011,AZ_West,8
201109,10.05,12.25,8.7,08,2011,AZ_West,9
201110,23.75,6.6,0.65,08,2011,AZ_West,10
201206,21.7,7.75,0.55,11,2011,AZ_West,6
201207,13.95,13.85,3.2,11,2011,AZ_West,7
201208,6,14.3,10.7,11,2011,AZ_West,8
201209,7.2,12.15,10.65,11,2011,AZ_West,9
201210,17.9,11,2.1,11,2011,AZ_West,10
201206,22.8,6.6,0.6,02,2012,AZ_West,6
201207,11.7,14.25,5.05,02,2012,AZ_West,7
201208,4.95,13,13.05,02,2012,AZ_West,8
201206,25.7,4.1,0.2,05,2012,AZ_West,6
201207,9.45,16.1,5.45,05,2012,AZ_West,7
201208,5.95,15.75,9.3,05,2012,AZ_West,8
201209,6.8,13.75,9.45,05,2012,AZ_West,9
201210,22.35,7.5,1.15,05,2012,AZ_West,10
201208,6.55,15.65,7.8,08,2012,AZ_West,8
201209,11.15,13.35,6.5,08,2012,AZ_West,9
201210,21.5,7.95,1.55,08,2012,AZ_West,10
201306,21.4,8.4,0.2,11,2012,AZ_West,6
201307,10.5,16.25,4.25,11,2012,AZ_West,7
201308,7.15,14.15,9.7,11,2012,AZ_West,8
201309,8.15,13.9,7.95,11,2012,AZ_West,9
201310,17.15,11.35,2.5,11,2012,AZ_West,10
201306,24.15,5.7,0.15,02,2013,AZ_West,6
201307,8.2,17,5.8,02,2013,AZ_West,7
201308,7.1,13.7,10.2,02,2013,AZ_West,8
201306,22.85,6.65,0.5,05,2013,AZ_West,6
201307,10.85,14.9,5.25,05,2013,AZ_West,7
201308,6.75,11.75,12.5,05,2013,AZ_West,8
201309,8.1,13.3,8.6,05,2013,AZ_West,9
201310,19.2,10,1.8,05,2013,AZ_West,10
201308,12.9,14,3.1,08,2013,AZ_West,8
201309,10.05,12.7,8.25,08,2013,AZ_West,9
201310,21.1,8.05,1.85,08,2013,AZ_West,10
201406,22,7.75,0.25,11,2013,AZ_West,6
201407,10.1,15.9,5,11,2013,AZ_West,7
201408,6.65,16.65,7.7,11,2013,AZ_West,8
201409,5.95,13.3,10.75,11,2013,AZ_West,9
201410,17.7,9.8,3.5,11,2013,AZ_West,10
201406,20.4,8.25,1.35,02,2014,AZ_West,6
201407,12.15,15.5,3.35,02,2014,AZ_West,7
201408,3.95,15.45,11.6,02,2014,AZ_West,8
201406,20.15,9.2,0.65,05,2014,AZ_West,6
201407,9.05,16.1,5.85,05,2014,AZ_West,7
201408,2.5,13.5,15,05,2014,AZ_West,8
201409,6.7,12,11.3,05,2014,AZ_West,9
201410,19.2,9.9,1.9,05,2014,AZ_West,10
201408,2.5,16.4,11.1,08,2014,AZ_West,8
201409,7.8,14.2,9,08,2014,AZ_West,9
201410,18,9.7,3.3,08,2014,AZ_West,10
201506,19,10.6,0.4,11,2014,AZ_West,6
201507,10.1,13.6,7.3,11,2014,AZ_West,7
201508,4.1,15.4,11.5,11,2014,AZ_West,8
201509,5.25,13.75,11,11,2014,AZ_West,9
201510,14.9,12.65,3.45,11,2014,AZ_West,10
201506,17.1,11.35,1.55,02,2015,AZ_West,6
201507,11.15,15.65,4.2,02,2015,AZ_West,7
201508,3.95,15.05,12,02,2015,AZ_West,8
201506,16.6,12.1,1.3,05,2015,AZ_West,6
201507,7,16.45,7.55,05,2015,AZ_West,7
201508,4.15,12.5,14.35,05,2015,AZ_West,8
201509,5.25,13.65,11.1,05,2015,AZ_West,9
201510,15.65,11.75,3.6,05,2015,AZ_West,10
201508,14.25,12,3.75,08,2015,AZ_West,8
201509,8.35,16.35,6.3,08,2015,AZ_West,9
201510,15.9,11.8,3.3,08,2015,AZ_West,10
201606,17.2,11.35,1.45,11,2015,AZ_West,6
201607,9.8,16.6,4.6,11,2015,AZ_West,7
201608,2.75,11.6,16.65,11,2015,AZ_West,8
201609,4.3,11.75,13.95,11,2015,AZ_West,9
201610,15.9,12.05,3.05,11,2015,AZ_West,10
201606,18.75,10.3,0.95,02,2016,AZ_West,6
201607,13.2,12.9,4.9,02,2016,AZ_West,7
201608,4.1,15.45,11.45,02,2016,AZ_West,8
201606,19.55,10.25,0.2,05,2016,AZ_West,6
201607,7.75,15.15,8.1,05,2016,AZ_West,7
201608,3.2,14,13.8,05,2016,AZ_West,8
201609,3.5,9.95,16.55,05,2016,AZ_West,9
201610,19.25,9.4,2.35,05,2016,AZ_West,10
201608,2.2,15.9,11.9,08,2016,AZ_West,8
201609,5.9,14.75,10.35,08,2016,AZ_West,9
201610,17.35,11.4,2.25,08,2016,AZ_West,10
201706,18.4,10.6,1,11,2016,AZ_West,6
201707,8.6,14.45,7.95,11,2016,AZ_West,7
201708,5.7,13.2,12.1,11,2016,AZ_West,8
201709,3.2,11.8,15,11,2016,AZ_West,9
201710,14.9,12.5,3.6,11,2016,AZ_West,10
201706,22.4,6.75,0.85,02,2017,AZ_West,6
201707,9.75,14.45,6.8,02,2017,AZ_West,7
201708,5.45,13.5,12.05,02,2017,AZ_West,8
201706,20.15,9.55,0.3,05,2017,AZ_West,6
201707,9.05,17.05,4.9,05,2017,AZ_West,7
201708,3.75,15.3,11.95,05,2017,AZ_West,8
201709,5.4,14.35,10.25,05,2017,AZ_West,9
201710,17.4,10.65,2.95,05,2017,AZ_West,10
201708,2,15.45,12.55,08,2017,AZ_West,8
201709,6.15,13.7,11.15,08,2017,AZ_West,9
201710,21.1,8,1.9,08,2017,AZ_West,10
201806,20.25,9.35,0.4,11,2017,AZ_West,6
201807,10.2,16.15,4.65,11,2017,AZ_West,7
201808,1.75,14.6,14.65,11,2017,AZ_West,8
201809,4.6,10.95,14.45,11,2017,AZ_West,9
201810,14.3,12.25,4.45,11,2017,AZ_West,10
201806,22.5,7.05,0.45,02,2018,AZ_West,6
201807,10.35,14.85,5.8,02,2018,AZ_West,7
201808,3.5,13.35,14.15,02,2018,AZ_West,8
201806,21.25,7.55,1.2,05,2018,AZ_West,6
201807,7.55,15.1,8.35,05,2018,AZ_West,7
201808,2.45,18.3,10.25,05,2018,AZ_West,8
201809,3.35,13.95,12.7,05,2018,AZ_West,9
201810,14.45,13,3.55,05,2018,AZ_West,10
201808,2.1,16.35,11.55,08,2018,AZ_West,8
201809,7.8,15.3,7.9,08,2018,AZ_West,9
201810,17.45,10.75,2.8,08,2018,AZ_West,10
201906,17.75,12.05,0.2,11,2018,AZ_West,6
201907,7.85,14.4,8.75,11,2018,AZ_West,7
201908,1.65,15,14.35,11,2018,AZ_West,8
201909,4.55,12.15,13.3,11,2018,AZ_West,9
201910,15.85,12.8,2.35,11,2018,AZ_West,10
201906,18.3,11.05,0.65,02,2019,AZ_West,6
201907,9,15.9,6.1,02,2019,AZ_West,7
201908,4.75,13.55,12.7,02,2019,AZ_West,8
201906,17.05,11.3,1.65,05,2019,AZ_West,6
201907,6.4,16.8,7.8,05,2019,AZ_West,7
201908,2.7,18.5,9.8,05,2019,AZ_West,8
201909,4.9,13.55,11.55,05,2019,AZ_West,9
201910,12,14.75,4.25,05,2019,AZ_West,10
201908,10.15,14.4,5.45,08,2019,AZ_West,8
201909,7.45,14.35,9.2,08,2019,AZ_West,9
201910,20.5,8.1,2.4,08,2019,AZ_West,10
202006,20.6,8.75,0.65,11,2019,AZ_West,6
202007,9.15,14.1,7.75,11,2019,AZ_West,7
202008,3.45,15.05,12.5,11,2019,AZ_West,8
202009,5.1,10.8,14.1,11,2019,AZ_West,9
202010,17.4,10.35,3.25,11,2019,AZ_West,10
197906,22.1,6.9,1,02,1979,NA,6
197907,12.7,12.8,5.5,02,1979,NA,7
197908,7.4,12.4,11.2,02,1979,NA,8
197906,22.65,6.2,1.15,05,1979,NA,6
197907,11.85,13.9,5.25,05,1979,NA,7
197908,5.1,12.9,13,05,1979,NA,8
197909,9.7,13.1,7.2,05,1979,NA,9
197910,24.6,6.15,0.25,05,1979,NA,10
197908,15.25,11.65,3.1,08,1979,NA,8
197909,11.9,14,5.1,08,1979,NA,9
197910,25.1,5.5,0.4,08,1979,NA,10
198006,23.95,5.95,0.1,02,1980,NA,6
198007,15.45,10.7,4.85,02,1980,NA,7
198008,6.3,12.9,11.8,02,1980,NA,8
198006,19.4,7.7,2.9,05,1980,NA,6
198007,5.7,12.3,13,05,1980,NA,7
198008,2.35,13.6,15.05,05,1980,NA,8
198009,9.9,11.85,8.25,05,1980,NA,9
198010,22.75,7.1,1.15,05,1980,NA,10
198008,1.8,16.5,11.7,08,1980,NA,8
198009,11.85,13.15,6,08,1980,NA,9
198010,23.2,7.15,0.65,08,1980,NA,10
198106,24.65,4.4,0.95,02,1981,NA,6
198107,10.4,12.1,8.5,02,1981,NA,7
198108,1.45,13.7,15.85,02,1981,NA,8
198106,23.7,5.4,0.9,05,1981,NA,6
198107,7.9,14.05,9.05,05,1981,NA,7
198108,2.9,13,15.1,05,1981,NA,8
198109,5.65,14.85,9.5,05,1981,NA,9
198110,23.1,7.05,0.85,05,1981,NA,10
198108,7.65,16,6.35,08,1981,NA,8
198109,8.35,13.65,9,08,1981,NA,9
198110,24.85,5.45,0.7,08,1981,NA,10
198206,24.15,4.65,1.2,02,1982,NA,6
198207,16.95,9.35,4.7,02,1982,NA,7
198208,6.7,13.95,10.35,02,1982,NA,8
198206,22.5,6.55,0.95,05,1982,NA,6
198207,9.8,12.7,8.5,05,1982,NA,7
198208,4.8,14.3,11.9,05,1982,NA,8
198209,10.7,12.05,7.25,05,1982,NA,9
198210,21.9,8.45,0.65,05,1982,NA,10
198208,6.65,13.2,10.15,08,1982,NA,8
198209,8.9,14.75,7.35,08,1982,NA,9
198210,21.6,9.05,0.35,08,1982,NA,10
198306,22.35,6.9,0.75,02,1983,NA,6
198307,16.55,10.25,4.2,02,1983,NA,7
198308,7.65,14.1,9.25,02,1983,NA,8
198306,20.25,7.55,2.2,05,1983,NA,6
198307,17.45,9.8,3.75,05,1983,NA,7
198308,9.1,14.65,7.25,05,1983,NA,8
198309,10.1,12.9,7,05,1983,NA,9
198310,24.05,6.5,0.45,05,1983,NA,10
198308,1.3,6.45,22.25,08,1983,NA,8
198309,8.4,13.65,8.95,08,1983,NA,9
198310,23.05,6.95,1,08,1983,NA,10
198406,25.15,4.55,0.3,02,1984,NA,6
198407,12.55,14.1,4.35,02,1984,NA,7
198408,2.6,13.35,15.05,02,1984,NA,8
198406,23.4,5.95,0.65,05,1984,NA,6
198407,8.1,12.6,10.3,05,1984,NA,7
198408,3.55,13.95,13.5,05,1984,NA,8
198409,9.5,12.85,7.65,05,1984,NA,9
198410,24.1,6.15,0.75,05,1984,NA,10
198408,2.55,15.45,12,08,1984,NA,8
198409,6.4,14.9,9.7,08,1984,NA,9
198410,23.3,6.8,0.9,08,1984,NA,10
198506,24,5.5,0.5,02,1985,NA,6
198507,12.1,13.45,5.45,02,1985,NA,7
198508,6.95,12.5,11.55,02,1985,NA,8
198506,22.65,5.75,1.6,05,1985,NA,6
198507,5.3,16.4,9.3,05,1985,NA,7
198508,2.9,16.3,11.8,05,1985,NA,8
198509,7.15,13.05,9.8,05,1985,NA,9
198510,22.8,7,1.2,05,1985,NA,10
198508,9.9,11.9,8.2,08,1985,NA,8
198509,11.15,13.6,6.25,08,1985,NA,9
198510,23.4,7.25,0.35,08,1985,NA,10
198606,24.4,5.3,0.3,02,1986,NA,6
198607,14.25,10.95,5.8,02,1986,NA,7
198608,5.35,13.25,12.4,02,1986,NA,8
198606,24.35,5.15,0.5,05,1986,NA,6
198607,7.3,14.9,8.8,05,1986,NA,7
198608,4.1,15.7,11.2,05,1986,NA,8
198609,7.55,13.2,9.25,05,1986,NA,9
198610,23.2,6.7,1.1,05,1986,NA,10
198608,11.85,14.9,3.25,08,1986,NA,8
198609,8.05,15.9,7.05,08,1986,NA,9
198610,23.1,7.7,0.2,08,1986,NA,10
198706,24.6,5,0.4,02,1987,NA,6
198707,14.65,10.05,6.3,02,1987,NA,7
198708,5.95,13,12.05,02,1987,NA,8
198706,22.95,6.4,0.65,05,1987,NA,6
198707,12.5,12.15,6.35,05,1987,NA,7
198708,5.5,15.3,10.2,05,1987,NA,8
198709,6.6,13.05,10.35,05,1987,NA,9
198710,22.7,7,1.3,05,1987,NA,10
198708,2.75,16,11.25,08,1987,NA,8
198709,10.9,13.3,6.8,08,1987,NA,9
198710,23.5,6.85,0.65,08,1987,NA,10
198806,23.1,5.75,1.15,02,1988,NA,6
198807,10.2,12.2,8.6,02,1988,NA,7
198808,3.3,12.2,15.5,02,1988,NA,8
198806,21.5,7,1.5,05,1988,NA,6
198807,8.3,13.65,9.05,05,1988,NA,7
198808,2.5,13.8,14.7,05,1988,NA,8
198809,7.55,11.25,11.2,05,1988,NA,9
198810,24.7,5.35,0.95,05,1988,NA,10
198808,1.5,11.05,17.45,08,1988,NA,8
198809,8.9,14.2,7.9,08,1988,NA,9
198810,25.85,4.75,0.4,08,1988,NA,10
198906,24.4,4.9,0.7,02,1989,NA,6
198907,8.05,14.05,8.9,02,1989,NA,7
198908,3.15,15.2,12.65,02,1989,NA,8
198906,22.65,6.25,1.1,05,1989,NA,6
198907,6.65,19.25,5.1,05,1989,NA,7
198908,3.55,17.15,10.3,05,1989,NA,8
198909,7.9,13.7,8.4,05,1989,NA,9
198910,20.85,9.45,0.7,05,1989,NA,10
198908,6.2,13.55,10.25,08,1989,NA,8
198909,5.8,13.2,12,08,1989,NA,9
198910,24.3,5.55,1.15,08,1989,NA,10
199006,22.6,5.85,1.55,02,1990,NA,6
199007,12.85,10.05,8.1,02,1990,NA,7
199008,3.4,14.05,13.55,02,1990,NA,8
199006,22.35,6.4,1.25,05,1990,NA,6
199007,7.35,13.4,10.25,05,1990,NA,7
199008,4.3,14.7,12,05,1990,NA,8
199009,7.8,14.35,7.85,05,1990,NA,9
199010,23.8,6.05,1.15,05,1990,NA,10
199008,6.2,17.35,6.45,08,1990,NA,8
199009,8.7,12.85,9.45,08,1990,NA,9
199010,22.5,7.55,0.95,08,1990,NA,10
199106,24.05,5.45,0.5,02,1991,NA,6
199107,13.55,12.6,4.85,02,1991,NA,7
199108,5.1,15.65,10.25,02,1991,NA,8
199106,22.55,6.65,0.8,05,1991,NA,6
199107,8.5,14.3,8.2,05,1991,NA,7
199108,6.25,14.35,10.4,05,1991,NA,8
199109,9.7,13.45,6.85,05,1991,NA,9
199110,24.15,6.35,0.5,05,1991,NA,10
199108,5.2,15.5,9.3,08,1991,NA,8
199109,9.35,14.85,6.8,08,1991,NA,9
199110,22.85,7.8,0.35,08,1991,NA,10
199206,23.5,5.3,1.2,02,1992,NA,6
199207,15.5,11.25,4.25,02,1992,NA,7
199208,6.15,13.9,10.95,02,1992,NA,8
199206,19.9,8.4,1.7,05,1992,NA,6
199207,10.8,11.85,8.35,05,1992,NA,7
199208,3.4,13.55,14.05,05,1992,NA,8
199209,8.35,13.45,8.2,05,1992,NA,9
199210,21.45,8.25,1.3,05,1992,NA,10
199208,4.85,16.25,8.9,08,1992,NA,8
199209,10.4,13.65,6.95,08,1992,NA,9
199210,20.95,8.45,1.6,08,1992,NA,10
199306,21.35,6.7,1.95,02,1993,NA,6
199307,12.15,11.95,6.9,02,1993,NA,7
199308,3.65,12.35,15,02,1993,NA,8
199306,19.15,8.15,2.7,05,1993,NA,6
199307,9.25,12.85,8.9,05,1993,NA,7
199308,4.8,13.5,12.7,05,1993,NA,8
199309,7.85,12.1,10.05,05,1993,NA,9
199310,23.65,6.4,0.95,05,1993,NA,10
199308,7.8,18.8,3.4,08,1993,NA,8
199309,9.35,14.65,7,08,1993,NA,9
199310,22.75,7.8,0.45,08,1993,NA,10
199406,24.05,5.65,0.3,02,1994,NA,6
199407,10.05,12.8,8.15,02,1994,NA,7
199408,4.6,14.1,12.3,02,1994,NA,8
199406,20.55,8.05,1.4,05,1994,NA,6
199407,8.35,12.8,9.85,05,1994,NA,7
199408,3.15,15.3,12.55,05,1994,NA,8
199409,8.25,11.7,10.05,05,1994,NA,9
199410,22.15,6.9,1.95,05,1994,NA,10
199408,9.05,14.7,6.25,08,1994,NA,8
199409,11.1,14.8,5.1,08,1994,NA,9
199410,25.1,5.65,0.25,08,1994,NA,10
199506,25.25,4,0.75,02,1995,NA,6
199507,11.35,13,6.65,02,1995,NA,7
199508,2.75,13,15.25,02,1995,NA,8
199506,22.3,6.7,1,05,1995,NA,6
199507,12.65,11.7,6.65,05,1995,NA,7
199508,4.45,12.85,13.7,05,1995,NA,8
199509,5.45,12,12.55,05,1995,NA,9
199510,22.1,7.3,1.6,05,1995,NA,10
199508,1.8,11.9,16.3,08,1995,NA,8
199509,7.75,11.8,11.45,08,1995,NA,9
199510,23.35,6.5,1.15,08,1995,NA,10
199606,25.65,4.1,0.25,02,1996,NA,6
199607,10.15,13.55,7.3,02,1996,NA,7
199608,2.35,13.65,15,02,1996,NA,8
199606,25.3,4.3,0.4,05,1996,NA,6
199607,11.75,14.3,4.95,05,1996,NA,7
199608,2.55,13.55,14.9,05,1996,NA,8
199609,7.75,12.85,9.4,05,1996,NA,9
199610,23.4,6.3,1.3,05,1996,NA,10
199608,6.95,13.85,9.2,08,1996,NA,8
199609,11.65,13.05,6.3,08,1996,NA,9
199610,22.75,7.3,0.95,08,1996,NA,10
199706,22.1,6.25,1.65,02,1997,NA,6
199707,9.45,13.05,8.5,02,1997,NA,7
199708,5.3,13.45,12.25,02,1997,NA,8
199706,22.5,6.25,1.25,05,1997,NA,6
199707,10.3,12,8.7,05,1997,NA,7
199708,5.85,11.9,13.25,05,1997,NA,8
199709,7.25,13.3,9.45,05,1997,NA,9
199710,21.3,8.3,1.4,05,1997,NA,10
199708,3.75,11.9,14.35,08,1997,NA,8
199709,8.55,13.7,8.75,08,1997,NA,9
199710,22.55,7,1.45,08,1997,NA,10
199806,22.4,6.2,1.4,02,1998,NA,6
199807,11.35,10.3,9.35,02,1998,NA,7
199808,4.1,9.5,17.4,02,1998,NA,8
199806,22,6.45,1.55,05,1998,NA,6
199807,10.9,12.55,7.55,05,1998,NA,7
199808,3.05,13.85,14.1,05,1998,NA,8
199809,6.8,10.95,12.25,05,1998,NA,9
199810,21.65,7.6,1.75,05,1998,NA,10
199808,2.4,15.35,12.25,08,1998,NA,8
199809,5.95,13.4,11.65,08,1998,NA,9
199810,21.5,8.1,1.4,08,1998,NA,10
199906,21.45,6.7,1.85,02,1999,NA,6
199907,11,13.05,6.95,02,1999,NA,7
199908,4.35,13.55,13.1,02,1999,NA,8
199906,21.35,7.95,0.7,05,1999,NA,6
199907,7.15,15.15,8.7,05,1999,NA,7
199908,3.2,15.25,12.55,05,1999,NA,8
199909,8.35,12.05,9.6,05,1999,NA,9
199910,23.6,6.45,0.95,05,1999,NA,10
199908,1.8,13.15,15.05,08,1999,NA,8
199909,8,10.5,12.5,08,1999,NA,9
199910,25.6,4.6,0.8,08,1999,NA,10
200006,25.95,3.6,0.45,02,2000,NA,6
200007,10.5,13,7.5,02,2000,NA,7
200008,5.5,15.1,10.4,02,2000,NA,8
200006,22.6,6.3,1.1,05,2000,NA,6
200007,4.6,15.2,11.2,05,2000,NA,7
200008,3.3,12.85,14.85,05,2000,NA,8
200009,8.15,12.35,9.5,05,2000,NA,9
200010,23.9,5.85,1.25,05,2000,NA,10
200008,3,21.35,5.65,08,2000,NA,8
200009,11.6,14.15,5.25,08,2000,NA,9
200010,24.15,5.9,0.95,08,2000,NA,10
200106,22.8,6.3,0.9,02,2001,NA,6
200107,6.9,14.85,9.25,02,2001,NA,7
200108,1.9,13.4,15.7,02,2001,NA,8
200106,22.65,5.7,1.65,05,2001,NA,6
200107,6.25,14.9,9.85,05,2001,NA,7
200108,3.85,14.95,12.2,05,2001,NA,8
200109,8.7,11.6,9.7,05,2001,NA,9
200110,23.6,6.3,1.1,05,2001,NA,10
200108,2.15,11.05,16.8,08,2001,NA,8
200109,8.85,14.15,8,08,2001,NA,9
200110,23.6,6.85,0.55,08,2001,NA,10
200206,22.85,6.05,1.1,02,2002,NA,6
200207,11.2,12.75,7.05,02,2002,NA,7
200208,6.25,14.45,10.3,02,2002,NA,8
200206,24.6,5.1,0.3,05,2002,NA,6
200207,9.5,14.2,7.3,05,2002,NA,7
200208,5.2,15.85,9.95,05,2002,NA,8
200209,7.6,13.5,8.9,05,2002,NA,9
200210,21.4,7.9,1.7,05,2002,NA,10
200208,4.2,17,8.8,08,2002,NA,8
200209,10.3,15.85,4.85,08,2002,NA,9
200210,23.85,6.85,0.3,08,2002,NA,10
200306,24.2,5.3,0.5,02,2003,NA,6
200307,11.9,12,7.1,02,2003,NA,7
200308,5.55,12.35,13.1,02,2003,NA,8
200306,22.95,5.7,1.35,05,2003,NA,6
200307,7.45,14.55,9,05,2003,NA,7
200308,2.4,15.25,13.35,05,2003,NA,8
200309,6.4,11.55,12.05,05,2003,NA,9
200310,23.1,6.45,1.45,05,2003,NA,10
200308,3.5,16.45,10.05,08,2003,NA,8
200309,8,14.8,8.2,08,2003,NA,9
200310,22.85,7.15,1,08,2003,NA,10
200406,25.3,4.1,0.6,02,2004,NA,6
200407,11.85,11.95,7.2,02,2004,NA,7
200408,2.45,13.55,15,02,2004,NA,8
200406,20.9,6.9,2.2,05,2004,NA,6
200407,6.85,16.55,7.6,05,2004,NA,7
200408,3.35,13.35,14.3,05,2004,NA,8
200409,5.95,12.25,11.8,05,2004,NA,9
200410,23,7.25,0.75,05,2004,NA,10
200408,10.15,18.4,1.45,08,2004,NA,8
200409,9.05,15.25,6.7,08,2004,NA,9
200410,21.35,8.2,1.45,08,2004,NA,10
200506,23.5,5.45,1.05,02,2005,NA,6
200507,10.5,12.85,7.65,02,2005,NA,7
200508,3.05,12.05,15.9,02,2005,NA,8
200506,22.25,5.8,1.95,05,2005,NA,6
200507,5.6,13.6,11.8,05,2005,NA,7
200508,3.55,12.55,14.9,05,2005,NA,8
200509,6.95,10.65,12.4,05,2005,NA,9
200510,21.75,7.4,1.85,05,2005,NA,10
200508,0.95,10,19.05,08,2005,NA,8
200509,7.3,11.9,11.8,08,2005,NA,9
200510,22.75,6.9,1.35,08,2005,NA,10
200606,25.7,3.75,0.55,02,2006,NA,6
200607,8.85,13.75,8.4,02,2006,NA,7
200608,5,12.95,13.05,02,2006,NA,8
200606,23.25,5.65,1.1,05,2006,NA,6
200607,8.95,14.3,7.75,05,2006,NA,7
200608,3.8,13.7,13.5,05,2006,NA,8
200609,7.5,11.95,10.55,05,2006,NA,9
200610,22.3,7.4,1.3,05,2006,NA,10
200608,3.7,16.35,9.95,08,2006,NA,8
200609,8.05,14.95,8,08,2006,NA,9
200610,24.95,5.35,0.7,08,2006,NA,10
200706,23,6.1,0.9,02,2007,NA,6
200707,11.95,13.4,5.65,02,2007,NA,7
200708,3.2,11.2,16.6,02,2007,NA,8
200706,24.1,4.95,0.95,05,2007,NA,6
200707,7.45,16.35,7.2,05,2007,NA,7
200708,4.05,15.6,11.35,05,2007,NA,8
200709,8.7,11.65,9.65,05,2007,NA,9
200710,24.3,6.25,0.45,05,2007,NA,10
200708,1.15,10.3,18.55,08,2007,NA,8
200709,7.95,11.5,11.55,08,2007,NA,9
200710,24.45,5.7,0.85,08,2007,NA,10
200806,21.65,6.45,1.9,02,2008,NA,6
200807,5.75,16.6,8.65,02,2008,NA,7
200808,4.1,12.85,14.05,02,2008,NA,8
200806,23.95,4.95,1.1,05,2008,NA,6
200807,5.95,15.85,9.2,05,2008,NA,7
200808,2.45,15.1,13.45,05,2008,NA,8
200809,6,11.65,12.35,05,2008,NA,9
200810,20.35,9.5,1.15,05,2008,NA,10
200808,4.8,19.8,5.4,08,2008,NA,8
200809,7.75,14.3,8.95,08,2008,NA,9
200810,24.4,5.9,0.7,08,2008,NA,10
200906,21.85,6.55,1.6,02,2009,NA,6
200907,7.55,14.3,9.15,02,2009,NA,7
200908,5.9,15.75,9.35,02,2009,NA,8
200906,21.25,7.05,1.7,05,2009,NA,6
200907,5.45,13.85,11.7,05,2009,NA,7
200908,2.8,14.5,13.7,05,2009,NA,8
200909,5.65,14.1,10.25,05,2009,NA,9
200910,20.7,8.15,2.15,05,2009,NA,10
200908,13.8,13.55,2.65,08,2009,NA,8
200909,10.8,14.15,6.05,08,2009,NA,9
200910,22.95,6.8,1.25,08,2009,NA,10
201006,24.95,3.8,1.25,02,2010,NA,6
201007,12.35,11,7.65,02,2010,NA,7
201008,6.3,12.25,12.45,02,2010,NA,8
201006,25.25,4.2,0.55,05,2010,NA,6
201007,11.95,12.6,6.45,05,2010,NA,7
201008,4.7,11.1,15.2,05,2010,NA,8
201009,7.5,12.3,10.2,05,2010,NA,9
201010,24.05,5.7,1.25,05,2010,NA,10
201008,2.05,7.65,20.3,08,2010,NA,8
201009,6.8,11.4,12.8,08,2010,NA,9
201010,25.75,4.65,0.6,08,2010,NA,10
201106,25.35,3.85,0.8,02,2011,NA,6
201107,11.7,12.45,6.85,02,2011,NA,7
201108,2.45,12.2,16.35,02,2011,NA,8
201106,25.9,3.8,0.3,05,2011,NA,6
201107,9.5,14.75,6.75,05,2011,NA,7
201108,3.35,13.35,14.3,05,2011,NA,8
201109,7.85,13.5,8.65,05,2011,NA,9
201110,23.6,6.4,1,05,2011,NA,10
201108,5.35,11.2,13.45,08,2011,NA,8
201109,7.25,13.6,10.15,08,2011,NA,9
201110,23.75,5.9,1.35,08,2011,NA,10
201206,24.4,5.2,0.4,02,2012,NA,6
201207,9.5,13.75,7.75,02,2012,NA,7
201208,2.85,14.85,13.3,02,2012,NA,8
201206,26,3.45,0.55,05,2012,NA,6
201207,6.55,14.35,10.1,05,2012,NA,7
201208,4.55,15.35,11.1,05,2012,NA,8
201209,7.4,12.45,10.15,05,2012,NA,9
201210,24.25,5.55,1.2,05,2012,NA,10
201208,3.25,17.75,9,08,2012,NA,8
201209,9.15,15.45,6.4,08,2012,NA,9
201210,22.4,7.4,1.2,08,2012,NA,10
201306,26.2,3.45,0.35,02,2013,NA,6
201307,8.3,14.65,8.05,02,2013,NA,7
201308,5.5,13.95,11.55,02,2013,NA,8
201306,25.05,4.15,0.8,05,2013,NA,6
201307,9.1,13.9,8,05,2013,NA,7
201308,5.35,13,12.65,05,2013,NA,8
201309,6.95,13.4,9.65,05,2013,NA,9
201310,21.25,8.15,1.6,05,2013,NA,10
201308,9.5,13.6,6.9,08,2013,NA,8
201309,10.2,12.4,8.4,08,2013,NA,9
201310,22.75,6.9,1.35,08,2013,NA,10
201406,22.15,6.2,1.65,02,2014,NA,6
201407,11.2,13.75,6.05,02,2014,NA,7
201408,3.85,14.5,12.65,02,2014,NA,8
201406,22.55,6.3,1.15,05,2014,NA,6
201407,8.5,12.95,9.55,05,2014,NA,7
201408,1.75,11.75,17.5,05,2014,NA,8
201409,6.5,12.8,10.7,05,2014,NA,9
201410,22.05,7.25,1.7,05,2014,NA,10
201408,4.45,13.9,11.65,08,2014,NA,8
201409,7.1,13.25,10.65,08,2014,NA,9
201410,21.65,7.85,1.5,08,2014,NA,10
201506,21.2,6.65,2.15,02,2015,NA,6
201507,11.15,12.9,6.95,02,2015,NA,7
201508,3.8,13.4,13.8,02,2015,NA,8
201506,19.2,7.95,2.85,05,2015,NA,6
201507,6.9,12.25,11.85,05,2015,NA,7
201508,3.8,10.6,16.6,05,2015,NA,8
201509,5.45,13.15,11.4,05,2015,NA,9
201510,18.3,9.6,3.1,05,2015,NA,10
201508,11.2,12.65,6.15,08,2015,NA,8
201509,9.35,13.5,8.15,08,2015,NA,9
201510,20.05,9.45,1.5,08,2015,NA,10
201606,23.25,5.4,1.35,02,2016,NA,6
201607,11.85,12.35,6.8,02,2016,NA,7
201608,3.25,13.2,14.55,02,2016,NA,8
201606,19.2,8.85,1.95,05,2016,NA,6
201607,5.55,15.2,10.25,05,2016,NA,7
201608,2.75,14.1,14.15,05,2016,NA,8
201609,3.9,10.8,15.3,05,2016,NA,9
201610,21.5,7.65,1.85,05,2016,NA,10
201608,1.6,13.45,14.95,08,2016,NA,8
201609,7.55,13,10.45,08,2016,NA,9
201610,21.8,7.85,1.35,08,2016,NA,10
201706,23.9,4.75,1.35,02,2017,NA,6
201707,9.35,14.15,7.5,02,2017,NA,7
201708,4.55,11.65,14.8,02,2017,NA,8
201706,21.85,6.7,1.45,05,2017,NA,6
201707,7.45,15.75,7.8,05,2017,NA,7
201708,2.45,13.55,15,05,2017,NA,8
201709,6.35,12.55,11.1,05,2017,NA,9
201710,20.15,9.15,1.7,05,2017,NA,10
201708,2.55,15.9,11.55,08,2017,NA,8
201709,6.85,12.6,11.55,08,2017,NA,9
201710,22.95,6.85,1.2,08,2017,NA,10
201806,23.8,5.35,0.85,02,2018,NA,6
201807,9.15,14.5,7.35,02,2018,NA,7
201808,2.3,14.75,13.95,02,2018,NA,8
201806,21.3,6.45,2.25,05,2018,NA,6
201807,5.8,15.95,9.25,05,2018,NA,7
201808,1.75,16.9,12.35,05,2018,NA,8
201809,4.2,12.25,13.55,05,2018,NA,9
201810,19.3,9.75,1.95,05,2018,NA,10
201808,3.3,16.1,10.6,08,2018,NA,8
201809,8.15,14.75,8.1,08,2018,NA,9
201810,21.3,8.05,1.65,08,2018,NA,10
201906,21.25,7.1,1.65,02,2019,NA,6
201907,9.6,11.65,9.75,02,2019,NA,7
201908,4.05,12.75,14.2,02,2019,NA,8
201906,20.45,7.2,2.35,05,2019,NA,6
201907,7.3,11.85,11.85,05,2019,NA,7
201908,3.5,14.45,13.05,05,2019,NA,8
201909,5.25,12.7,12.05,05,2019,NA,9
201910,16.8,12.1,2.1,05,2019,NA,10
201908,7.5,13.45,9.05,08,2019,NA,8
201909,6.95,13.2,10.85,08,2019,NA,9
201910,23.95,5.9,1.15,08,2019,NA,10
197906,13.05,13.2,3.75,02,1979,NA,6
197907,4.8,16.3,9.9,02,1979,NA,7
197908,3.05,15.3,12.65,02,1979,NA,8
197906,10,15.6,4.4,05,1979,NA,6
197907,3.7,17.75,9.55,05,1979,NA,7
197908,1.6,16.4,13,05,1979,NA,8
197909,5.25,15.3,9.45,05,1979,NA,9
197910,21.65,8.65,0.7,05,1979,NA,10
197908,1.4,18.75,9.85,08,1979,NA,8
197909,6.15,16.85,8,08,1979,NA,9
197910,21.7,8.15,1.15,08,1979,NA,10
198006,14.3,12.5,3.2,02,1980,NA,6
198007,6.4,16.1,8.5,02,1980,NA,7
198008,1.8,15.4,13.8,02,1980,NA,8
198006,7.2,15.9,6.9,05,1980,NA,6
198007,1.55,14.55,14.9,05,1980,NA,7
198008,1.25,16.15,13.6,05,1980,NA,8
198009,7.6,12.1,10.3,05,1980,NA,9
198010,21.15,8.2,1.65,05,1980,NA,10
198008,1.25,21.05,7.7,08,1980,NA,8
198009,7.2,16.65,7.15,08,1980,NA,9
198010,22.2,7.25,1.55,08,1980,NA,10
198106,15.3,10.55,4.15,02,1981,NA,6
198107,4.45,15.7,10.85,02,1981,NA,7
198108,0.75,16.25,14,02,1981,NA,8
198106,14.35,11.85,3.8,05,1981,NA,6
198107,2.3,16.35,12.35,05,1981,NA,7
198108,0.95,17.45,12.6,05,1981,NA,8
198109,4.6,15.7,9.7,05,1981,NA,9
198110,20.95,7.85,2.2,05,1981,NA,10
198108,0.4,12.35,17.25,08,1981,NA,8
198109,4.5,15.75,10.75,08,1981,NA,9
198110,22.05,7.7,1.25,08,1981,NA,10
198206,13.7,12.6,3.7,02,1982,NA,6
198207,7.15,15.6,8.25,02,1982,NA,7
198208,1.45,16.8,12.75,02,1982,NA,8
198206,12.7,11.85,5.45,05,1982,NA,6
198207,3.55,16.95,10.5,05,1982,NA,7
198208,1.6,15.2,14.2,05,1982,NA,8
198209,6.35,14.6,9.05,05,1982,NA,9
198210,21.15,8.6,1.25,05,1982,NA,10
198208,0.45,19.05,10.5,08,1982,NA,8
198209,5.1,17.45,8.45,08,1982,NA,9
198210,19.85,9.9,1.25,08,1982,NA,10
198306,12.9,13.75,3.35,02,1983,NA,6
198307,6.6,16.25,8.15,02,1983,NA,7
198308,2.5,15.4,13.1,02,1983,NA,8
198306,10.35,12.75,6.9,05,1983,NA,6
198307,6.1,17,7.9,05,1983,NA,7
198308,2.4,14.5,14.1,05,1983,NA,8
198309,6.05,13.6,10.35,05,1983,NA,9
198310,23.2,6.85,0.95,05,1983,NA,10
198308,0.4,8.4,21.2,08,1983,NA,8
198309,5.45,15.3,10.25,08,1983,NA,9
198310,19.75,9.6,1.65,08,1983,NA,10
198406,15.15,13.15,1.7,02,1984,NA,6
198407,6.2,16.45,8.35,02,1984,NA,7
198408,1.4,15.8,13.8,02,1984,NA,8
198406,15.3,10.85,3.85,05,1984,NA,6
198407,2,13,16,05,1984,NA,7
198408,0.2,15.3,15.5,05,1984,NA,8
198409,4.15,16.45,9.4,05,1984,NA,9
198410,22.8,6.55,1.65,05,1984,NA,10
198408,0.1,14.1,15.8,08,1984,NA,8
198409,3.3,16.7,11,08,1984,NA,9
198410,20.8,8.55,1.65,08,1984,NA,10
198506,17.05,9.2,3.75,02,1985,NA,6
198507,4.15,17.75,9.1,02,1985,NA,7
198508,2.95,17.1,10.95,02,1985,NA,8
198506,13.85,11.25,4.9,05,1985,NA,6
198507,1.45,16.3,13.25,05,1985,NA,7
198508,1.1,15.55,14.35,05,1985,NA,8
198509,4.5,14,11.5,05,1985,NA,9
198510,20.8,8.45,1.75,05,1985,NA,10
198508,0.65,18.5,10.85,08,1985,NA,8
198509,6.1,16.7,8.2,08,1985,NA,9
198510,21.75,8.1,1.15,08,1985,NA,10
198606,17.2,9.8,3,02,1986,NA,6
198607,8.35,16.45,6.2,02,1986,NA,7
198608,2.55,16.7,11.75,02,1986,NA,8
198606,12.55,13.7,3.75,05,1986,NA,6
198607,1.65,17.1,12.25,05,1986,NA,7
198608,0.9,16.05,14.05,05,1986,NA,8
198609,5.95,13,11.05,05,1986,NA,9
198610,19.5,9.25,2.25,05,1986,NA,10
198608,0.95,18.65,10.4,08,1986,NA,8
198609,5.45,16.5,9.05,08,1986,NA,9
198610,21.6,8.3,1.1,08,1986,NA,10
198706,14.5,12.5,3,02,1987,NA,6
198707,5.75,15.6,9.65,02,1987,NA,7
198708,2.5,16.4,12.1,02,1987,NA,8
198706,13.5,11.55,4.95,05,1987,NA,6
198707,3.2,16,11.8,05,1987,NA,7
198708,1,15.75,14.25,05,1987,NA,8
198709,4.4,12.4,13.2,05,1987,NA,9
198710,20.55,7.6,2.85,05,1987,NA,10
198708,0.5,10,19.5,08,1987,NA,8
198709,6.45,15.35,9.2,08,1987,NA,9
198710,20.5,9.5,1,08,1987,NA,10
198806,13.55,12.35,4.1,02,1988,NA,6
198807,3.45,16.15,11.4,02,1988,NA,7
198808,2,14.2,14.8,02,1988,NA,8
198806,11.85,13.15,5,05,1988,NA,6
198807,2.15,15.65,13.2,05,1988,NA,7
198808,0.45,14.45,16.1,05,1988,NA,8
198809,4.7,15,10.3,05,1988,NA,9
198810,22.55,7,1.45,05,1988,NA,10
198808,0.1,5.2,24.7,08,1988,NA,8
198809,5.7,16.6,8.7,08,1988,NA,9
198810,23.2,7,0.8,08,1988,NA,10
198906,18.3,8.8,2.9,02,1989,NA,6
198907,3.55,20.5,6.95,02,1989,NA,7
198908,2,20.25,8.75,02,1989,NA,8
198906,14.55,10.75,4.7,05,1989,NA,6
198907,2.85,19.45,8.7,05,1989,NA,7
198908,0.75,16.2,14.05,05,1989,NA,8
198909,4.55,14.7,10.75,05,1989,NA,9
198910,19.2,10.45,1.35,05,1989,NA,10
198908,0.75,14.4,14.85,08,1989,NA,8
198909,3.05,14.55,13.4,08,1989,NA,9
198910,20.85,8.1,2.05,08,1989,NA,10
199006,15.2,10.3,4.5,02,1990,NA,6
199007,5.1,14.1,11.8,02,1990,NA,7
199008,0.65,15.25,15.1,02,1990,NA,8
199006,10.9,13.55,5.55,05,1990,NA,6
199007,2.4,14.2,14.4,05,1990,NA,7
199008,0.75,13.55,16.7,05,1990,NA,8
199009,4.4,14.7,10.9,05,1990,NA,9
199010,20.6,8.45,1.95,05,1990,NA,10
199008,0.35,11.6,18.05,08,1990,NA,8
199009,3.2,14.2,13.6,08,1990,NA,9
199010,20.25,8.6,2.15,08,1990,NA,10
199106,13.75,12.35,3.9,02,1991,NA,6
199107,4.15,18.35,8.5,02,1991,NA,7
199108,3.4,16.1,11.5,02,1991,NA,8
199106,11.2,13.7,5.1,05,1991,NA,6
199107,2.35,14.7,13.95,05,1991,NA,7
199108,2.1,15,13.9,05,1991,NA,8
199109,6.2,14.5,9.3,05,1991,NA,9
199110,22.45,7.5,1.05,05,1991,NA,10
199108,0.1,8.95,20.95,08,1991,NA,8
199109,5.6,15.8,9.6,08,1991,NA,9
199110,19.55,9.9,1.55,08,1991,NA,10
199206,15.1,11.8,3.1,02,1992,NA,6
199207,6.1,15.25,9.65,02,1992,NA,7
199208,1.85,15.85,13.3,02,1992,NA,8
199206,10.3,12.6,7.1,05,1992,NA,6
199207,5.4,10.65,14.95,05,1992,NA,7
199208,1.15,11.75,18.1,05,1992,NA,8
199209,4.6,14.7,10.7,05,1992,NA,9
199210,19.8,8.65,2.55,05,1992,NA,10
199208,0.45,12.4,17.15,08,1992,NA,8
199209,4.75,15.2,11.05,08,1992,NA,9
199210,19.65,9.4,1.95,08,1992,NA,10
199306,11.75,13.55,4.7,02,1993,NA,6
199307,4.65,14.5,11.85,02,1993,NA,7
199308,1.05,14.4,15.55,02,1993,NA,8
199306,10,12.15,7.85,05,1993,NA,6
199307,2.6,14.95,13.45,05,1993,NA,7
199308,1.4,14,15.6,05,1993,NA,8
199309,5.4,13,11.6,05,1993,NA,9
199310,22.2,6.85,1.95,05,1993,NA,10
199308,0.5,14.15,15.35,08,1993,NA,8
199309,4.05,16.8,10.15,08,1993,NA,9
199310,19.4,9.85,1.75,08,1993,NA,10
199406,12.35,13.3,4.35,02,1994,NA,6
199407,3,17.55,10.45,02,1994,NA,7
199408,1.85,17,12.15,02,1994,NA,8
199406,9.2,13.75,7.05,05,1994,NA,6
199407,1.8,16.8,12.4,05,1994,NA,7
199408,1,16.2,13.8,05,1994,NA,8
199409,5,15.05,9.95,05,1994,NA,9
199410,19.2,8.9,2.9,05,1994,NA,10
199408,1.05,16.95,12,08,1994,NA,8
199409,6.15,16.1,8.75,08,1994,NA,9
199410,21.95,7.8,1.25,08,1994,NA,10
199506,17.2,10.4,2.4,02,1995,NA,6
199507,3.65,17.15,10.2,02,1995,NA,7
199508,0.95,15.15,14.9,02,1995,NA,8
199506,11.65,13.65,4.7,05,1995,NA,6
199507,4.25,16.95,9.8,05,1995,NA,7
199508,0.5,14.25,16.25,05,1995,NA,8
199509,4.1,14.4,11.5,05,1995,NA,9
199510,21.2,8.25,1.55,05,1995,NA,10
199508,0.1,4.95,24.95,08,1995,NA,8
199509,3.95,12.1,14.95,08,1995,NA,9
199510,21.75,8.1,1.15,08,1995,NA,10
199606,17.8,10.15,2.05,02,1996,NA,6
199607,5.55,15.8,9.65,02,1996,NA,7
199608,1.8,15.85,13.35,02,1996,NA,8
199606,14.75,12.7,2.55,05,1996,NA,6
199607,3.15,18.85,9,05,1996,NA,7
199608,0.9,17.9,12.2,05,1996,NA,8
199609,5.15,14.85,10,05,1996,NA,9
199610,22.25,7,1.75,05,1996,NA,10
199608,0.4,12.3,17.3,08,1996,NA,8
199609,5.5,15.75,9.75,08,1996,NA,9
199610,20,9.5,1.5,08,1996,NA,10
199706,13.8,12.45,3.75,02,1997,NA,6
199707,3.6,16.25,11.15,02,1997,NA,7
199708,2.85,14.75,13.4,02,1997,NA,8
199706,9.4,15.45,5.15,05,1997,NA,6
199707,3.2,15.05,12.75,05,1997,NA,7
199708,0.5,15.8,14.7,05,1997,NA,8
199709,4.5,14.75,10.75,05,1997,NA,9
199710,20.15,8.8,2.05,05,1997,NA,10
199708,0.65,10.35,19,08,1997,NA,8
199709,3.4,14.1,13.5,08,1997,NA,9
199710,19.75,8.95,2.3,08,1997,NA,10
199806,14.3,10.1,5.6,02,1998,NA,6
199807,5.05,15,10.95,02,1998,NA,7
199808,1.3,11.4,18.3,02,1998,NA,8
199806,12,13.4,4.6,05,1998,NA,6
199807,2.8,14.95,13.25,05,1998,NA,7
199808,0.55,13.15,17.3,05,1998,NA,8
199809,4.6,12.5,12.9,05,1998,NA,9
199810,17.9,10.1,3,05,1998,NA,10
199808,0.25,10.95,18.8,08,1998,NA,8
199809,3.5,11.8,15.7,08,1998,NA,9
199810,18.65,10.1,2.25,08,1998,NA,10
199906,13.4,12.75,3.85,02,1999,NA,6
199907,4.6,17.8,8.6,02,1999,NA,7
199908,2.6,17.7,10.7,02,1999,NA,8
199906,11.15,14.4,4.45,05,1999,NA,6
199907,1.85,16.45,12.7,05,1999,NA,7
199908,0.55,16.6,13.85,05,1999,NA,8
199909,5.15,12.95,11.9,05,1999,NA,9
199910,21.2,8.1,1.7,05,1999,NA,10
199908,0.2,9.45,20.35,08,1999,NA,8
199909,4.6,12.95,13.45,08,1999,NA,9
199910,21.6,7.8,1.6,08,1999,NA,10
200006,18.8,9.85,1.35,02,2000,NA,6
200007,5.05,19.05,6.9,02,2000,NA,7
200008,2.7,18.2,10.1,02,2000,NA,8
200006,12.8,13.5,3.7,05,2000,NA,6
200007,1.15,17.4,12.45,05,2000,NA,7
200008,0.85,15.3,14.85,05,2000,NA,8
200009,4.85,15.8,9.35,05,2000,NA,9
200010,21.65,7.2,2.15,05,2000,NA,10
200008,1.1,18.85,10.05,08,2000,NA,8
200009,6.35,17.85,6.8,08,2000,NA,9
200010,21.1,7.65,2.25,08,2000,NA,10
200106,14.3,12.3,3.4,02,2001,NA,6
200107,2.85,16.65,11.5,02,2001,NA,7
200108,1.05,15.45,14.5,02,2001,NA,8
200106,12.35,13.7,3.95,05,2001,NA,6
200107,2.35,16.6,12.05,05,2001,NA,7
200108,1.75,14.2,15.05,05,2001,NA,8
200109,4.8,12.65,12.55,05,2001,NA,9
200110,21.2,8,1.8,05,2001,NA,10
200108,0.1,13.75,16.15,08,2001,NA,8
200109,4.3,16.25,10.45,08,2001,NA,9
200110,19.55,9.9,1.55,08,2001,NA,10
200206,13.95,12,4.05,02,2002,NA,6
200207,4,16.8,10.2,02,2002,NA,7
200208,2.6,17.6,10.8,02,2002,NA,8
200206,15.2,11.75,3.05,05,2002,NA,6
200207,2,19.55,9.45,05,2002,NA,7
200208,0.8,16.8,13.4,05,2002,NA,8
200209,3.5,14.35,12.15,05,2002,NA,9
200210,19.7,9.05,2.25,05,2002,NA,10
200208,0.35,12.35,17.3,08,2002,NA,8
200209,7,17.1,6.9,08,2002,NA,9
200210,20.65,9.55,0.8,08,2002,NA,10
200306,14.35,12.1,3.55,02,2003,NA,6
200307,5.7,16.35,8.95,02,2003,NA,7
200308,2.2,17.05,11.75,02,2003,NA,8
200306,13.45,12.4,4.15,05,2003,NA,6
200307,2.85,16.85,11.3,05,2003,NA,7
200308,0.8,16.1,14.1,05,2003,NA,8
200309,2.75,14.5,12.75,05,2003,NA,9
200310,19.6,8.9,2.5,05,2003,NA,10
200308,0.6,17.3,12.1,08,2003,NA,8
200309,3.75,17.8,9.45,08,2003,NA,9
200310,20.85,8.7,1.45,08,2003,NA,10
200406,16.15,11,2.85,02,2004,NA,6
200407,5.35,16.4,9.25,02,2004,NA,7
200408,1.75,14.65,14.6,02,2004,NA,8
200406,10.2,14.3,5.5,05,2004,NA,6
200407,2.45,15.9,12.65,05,2004,NA,7
200408,0.2,14.1,16.7,05,2004,NA,8
200409,4.65,11.75,13.6,05,2004,NA,9
200410,21.25,8.05,1.7,05,2004,NA,10
200408,0.5,17.05,12.45,08,2004,NA,8
200409,2.95,16.45,11.6,08,2004,NA,9
200410,17.2,10.95,2.85,08,2004,NA,10
200506,15.05,10.9,4.05,02,2005,NA,6
200507,3.95,17.25,9.8,02,2005,NA,7
200508,0.75,16.75,13.5,02,2005,NA,8
200506,12.4,13.2,4.4,05,2005,NA,6
200507,0.8,16.2,14,05,2005,NA,7
200508,1.2,13.85,15.95,05,2005,NA,8
200509,5.6,10.75,13.65,05,2005,NA,9
200510,18.75,9.3,2.95,05,2005,NA,10
200508,0.05,12.15,17.8,08,2005,NA,8
200509,5.05,12,13.95,08,2005,NA,9
200510,20.7,8.5,1.8,08,2005,NA,10
200606,18.45,9.55,2,02,2006,NA,6
200607,4.05,18.7,8.25,02,2006,NA,7
200608,2,17.25,11.75,02,2006,NA,8
200606,12.3,14.15,3.55,05,2006,NA,6
200607,3.05,17.3,10.65,05,2006,NA,7
200608,1.6,15.75,13.65,05,2006,NA,8
200609,4.05,13.4,12.55,05,2006,NA,9
200610,20.9,7.25,2.85,05,2006,NA,10
200608,0.65,12.9,16.45,08,2006,NA,8
200609,4.75,15.15,11.1,08,2006,NA,9
200610,21.8,7.85,1.35,08,2006,NA,10
200706,13.1,11.1,5.8,02,2007,NA,6
200707,3.65,18.4,8.95,02,2007,NA,7
200708,0.75,13.75,16.5,02,2007,NA,8
200706,13.25,12.7,4.05,05,2007,NA,6
200707,2.4,16.35,12.25,05,2007,NA,7
200708,0.7,16.45,13.85,05,2007,NA,8
200709,4.5,12.7,12.8,05,2007,NA,9
200710,24,5.85,1.15,05,2007,NA,10
200708,0.1,8.6,21.3,08,2007,NA,8
200709,4,11.75,15.25,08,2007,NA,9
200710,22,7.55,1.45,08,2007,NA,10
200806,14.35,11,4.65,02,2008,NA,6
200807,2.6,19.1,9.3,02,2008,NA,7
200808,1.45,14.65,14.9,02,2008,NA,8
200806,13.1,13.05,3.85,05,2008,NA,6
200807,2.2,17,11.8,05,2008,NA,7
200808,1.6,14.45,14.95,05,2008,NA,8
200809,4.2,11.45,14.35,05,2008,NA,9
200810,20.95,8.05,2,05,2008,NA,10
200808,0.25,14.2,15.55,08,2008,NA,8
200809,5,13.8,12.2,08,2008,NA,9
200810,23.9,5.45,1.65,08,2008,NA,10
200906,13.05,12.65,4.3,02,2009,NA,6
200907,4.25,17.25,9.5,02,2009,NA,7
200908,2.1,19.15,9.75,02,2009,NA,8
200906,11.55,14.2,4.25,05,2009,NA,6
200907,1.45,16.95,12.6,05,2009,NA,7
200908,0.55,16.4,14.05,05,2009,NA,8
200909,3.15,14.25,12.6,05,2009,NA,9
200910,18.95,9.25,2.8,05,2009,NA,10
200908,1.65,18.7,9.65,08,2009,NA,8
200909,4.5,15.3,11.2,08,2009,NA,9
200910,20.85,8.3,1.85,08,2009,NA,10
201006,16.4,10.75,2.85,02,2010,NA,6
201007,5.35,13.5,12.15,02,2010,NA,7
201008,2.7,13.85,14.45,02,2010,NA,8
201006,14.25,12.3,3.45,05,2010,NA,6
201007,3.1,17.35,10.55,05,2010,NA,7
201008,0.8,11.8,18.4,05,2010,NA,8
201009,4.3,10.65,15.05,05,2010,NA,9
201010,21.25,6.95,2.8,05,2010,NA,10
201008,0.1,6.9,23,08,2010,NA,8
201009,2.3,12.25,16.45,08,2010,NA,9
201010,20.8,9.1,1.1,08,2010,NA,10
201106,17.55,10.75,1.7,02,2011,NA,6
201107,5.85,18.35,6.8,02,2011,NA,7
201108,1.15,16.05,13.8,02,2011,NA,8
201106,16,11.65,2.35,05,2011,NA,6
201107,3.05,20,7.95,05,2011,NA,7
201108,0.85,15.7,14.45,05,2011,NA,8
201109,5.25,12.65,12.1,05,2011,NA,9
201110,19.65,8.65,2.7,05,2011,NA,10
201108,1.15,15,13.85,08,2011,NA,8
201109,5.6,14.35,11.05,08,2011,NA,9
201110,20.65,8.45,1.9,08,2011,NA,10
201206,17.05,10.1,2.85,02,2012,NA,6
201207,4.7,17.85,8.45,02,2012,NA,7
201208,1.25,17.7,12.05,02,2012,NA,8
201206,14.5,12.2,3.3,05,2012,NA,6
201207,2.2,18.15,10.65,05,2012,NA,7
201208,0.8,18.85,11.35,05,2012,NA,8
201209,4.45,14.5,11.05,05,2012,NA,9
201210,21.1,7.65,2.25,05,2012,NA,10
201208,0.75,19.8,9.45,08,2012,NA,8
201209,5.5,16.65,8.85,08,2012,NA,9
201210,21.65,7.1,2.25,08,2012,NA,10
201306,15.8,11,3.2,02,2013,NA,6
201307,2.95,18.15,9.9,02,2013,NA,7
201308,3.15,16.2,11.65,02,2013,NA,8
201306,15.15,11.3,3.55,05,2013,NA,6
201307,2.8,17.9,10.3,05,2013,NA,7
201308,1.5,16.1,13.4,05,2013,NA,8
201309,4.45,12.75,12.8,05,2013,NA,9
201310,17.35,11.05,2.6,05,2013,NA,10
201308,1.25,14.25,14.5,08,2013,NA,8
201309,5.25,14.05,11.7,08,2013,NA,9
201310,19.8,9.4,1.8,08,2013,NA,10
201406,13.4,12.85,3.75,02,2014,NA,6
201407,3.7,18.5,8.8,02,2014,NA,7
201408,1.3,15.85,13.85,02,2014,NA,8
201406,13.15,12.65,4.2,05,2014,NA,6
201407,2.45,18.4,10.15,05,2014,NA,7
201408,0.45,10.6,19.95,05,2014,NA,8
201409,4.6,13,12.4,05,2014,NA,9
201410,19.6,9.25,2.15,05,2014,NA,10
201408,0.15,13.15,16.7,08,2014,NA,8
201409,3.45,13.9,13.65,08,2014,NA,9
201410,18.3,10.2,2.5,08,2014,NA,10
201506,12.8,11.7,5.5,02,2015,NA,6
201507,3.85,14.9,12.25,02,2015,NA,7
201508,1.45,14.3,15.25,02,2015,NA,8
201506,6.7,14.75,8.55,05,2015,NA,6
201507,1.65,13.1,16.25,05,2015,NA,7
201508,0.85,13.8,16.35,05,2015,NA,8
201509,2.85,15.15,12,05,2015,NA,9
201510,16.6,9.9,4.5,05,2015,NA,10
201508,1.95,16.3,11.75,08,2015,NA,8
201509,5.05,15.3,10.65,08,2015,NA,9
201510,17.6,10.75,2.65,08,2015,NA,10
201606,14.65,11.2,4.15,02,2016,NA,6
201607,4.65,16.6,9.75,02,2016,NA,7
201608,0.95,16.55,13.5,02,2016,NA,8
201606,8.15,14.9,6.95,05,2016,NA,6
201607,1.2,14.4,15.4,05,2016,NA,7
201608,0.45,14.6,15.95,05,2016,NA,8
201609,2.5,10.05,17.45,05,2016,NA,9
201610,18,10.15,2.85,05,2016,NA,10
201608,0.1,7.65,22.25,08,2016,NA,8
201609,4.5,14.25,12.25,08,2016,NA,9
201610,19.55,9.8,1.65,08,2016,NA,10
201706,14.45,11.7,3.85,02,2017,NA,6
201707,4.05,15.4,11.55,02,2017,NA,7
201708,1.55,15.65,13.8,02,2017,NA,8
201706,11.15,13.65,5.2,05,2017,NA,6
201707,0.95,17.5,12.55,05,2017,NA,7
201708,0.75,13.35,16.9,05,2017,NA,8
201709,4.4,12.8,12.8,05,2017,NA,9
201710,17.9,10.5,2.6,05,2017,NA,10
201708,0,8.7,21.3,08,2017,NA,8
201709,2.55,15,13.45,08,2017,NA,9
201710,19.7,8,3.3,08,2017,NA,10
201806,13.95,12.8,3.25,02,2018,NA,6
201807,4.2,14.6,12.2,02,2018,NA,7
201808,1.45,16.9,12.65,02,2018,NA,8
201806,12.75,12.35,4.9,05,2018,NA,6
201807,1.7,18.4,10.9,05,2018,NA,7
201808,0.9,15,15.1,05,2018,NA,8
201809,1.15,14.9,13.95,05,2018,NA,9
201810,17.25,11.3,2.45,05,2018,NA,10
201808,0.35,12.25,17.4,08,2018,NA,8
201809,5.25,15,10.75,08,2018,NA,9
201810,17.85,10.65,2.5,08,2018,NA,10
201906,12.2,12.7,5.1,02,2019,NA,6
201907,2.85,14.75,13.4,02,2019,NA,7
201908,1.55,15.1,14.35,02,2019,NA,8
201906,11,13.25,5.75,05,2019,NA,6
201907,1.7,14.8,14.5,05,2019,NA,7
201908,0.6,13.45,16.95,05,2019,NA,8
201909,1.85,14.3,13.85,05,2019,NA,9
201910,16.2,11.05,3.75,05,2019,NA,10
201908,0.8,15.3,13.9,08,2019,NA,8
201909,3.5,15.05,12.45,08,2019,NA,9
201910,20.95,8.05,2,08,2019,NA,10
