YYYYMM,dry.obs,normal.obs,monsoon.obs,Year,Month,region,lead_date,dry.for,normal.for,monsoon.for,lead_month
197006,26,4,0,1970,6,AZ_East,NA,NA,NA,NA,NA
197007,1,19,11,1970,7,AZ_East,NA,NA,NA,NA,NA
197008,0,13,18,1970,8,AZ_East,NA,NA,NA,NA,NA
197009,17,12,1,1970,9,AZ_East,NA,NA,NA,NA,NA
197010,28,3,0,1970,10,AZ_East,NA,NA,NA,NA,NA
197106,30,0,0,1971,6,AZ_East,NA,NA,NA,NA,NA
197107,8,15,8,1971,7,AZ_East,NA,NA,NA,NA,NA
197108,0,7,24,1971,8,AZ_East,NA,NA,NA,NA,NA
197109,19,10,1,1971,9,AZ_East,NA,NA,NA,NA,NA
197110,30,1,0,1971,10,AZ_East,NA,NA,NA,NA,NA
197206,10,16,4,1972,6,AZ_East,NA,NA,NA,NA,NA
197207,4,24,3,1972,7,AZ_East,NA,NA,NA,NA,NA
197208,2,19,10,1972,8,AZ_East,NA,NA,NA,NA,NA
197209,10,11,9,1972,9,AZ_East,NA,NA,NA,NA,NA
197210,14,10,7,1972,10,AZ_East,NA,NA,NA,NA,NA
197306,24,6,0,1973,6,AZ_East,NA,NA,NA,NA,NA
197307,5,16,10,1973,7,AZ_East,NA,NA,NA,NA,NA
197308,4,17,10,1973,8,AZ_East,NA,NA,NA,NA,NA
197309,24,6,0,1973,9,AZ_East,NA,NA,NA,NA,NA
197310,31,0,0,1973,10,AZ_East,NA,NA,NA,NA,NA
197406,30,0,0,1974,6,AZ_East,NA,NA,NA,NA,NA
197407,7,10,14,1974,7,AZ_East,NA,NA,NA,NA,NA
197408,10,15,6,1974,8,AZ_East,NA,NA,NA,NA,NA
197409,7,22,1,1974,9,AZ_East,NA,NA,NA,NA,NA
197410,15,16,0,1974,10,AZ_East,NA,NA,NA,NA,NA
197506,30,0,0,1975,6,AZ_East,NA,NA,NA,NA,NA
197507,2,12,17,1975,7,AZ_East,NA,NA,NA,NA,NA
197508,10,19,2,1975,8,AZ_East,NA,NA,NA,NA,NA
197509,10,15,5,1975,9,AZ_East,NA,NA,NA,NA,NA
197510,31,0,0,1975,10,AZ_East,NA,NA,NA,NA,NA
197606,29,1,0,1976,6,AZ_East,NA,NA,NA,NA,NA
197607,4,13,14,1976,7,AZ_East,NA,NA,NA,NA,NA
197608,5,23,3,1976,8,AZ_East,NA,NA,NA,NA,NA
197609,2,20,8,1976,9,AZ_East,NA,NA,NA,NA,NA
197610,27,4,0,1976,10,AZ_East,NA,NA,NA,NA,NA
197706,19,11,0,1977,6,AZ_East,NA,NA,NA,NA,NA
197707,2,16,13,1977,7,AZ_East,NA,NA,NA,NA,NA
197708,0,15,16,1977,8,AZ_East,NA,NA,NA,NA,NA
197709,9,16,5,1977,9,AZ_East,NA,NA,NA,NA,NA
197710,23,6,2,1977,10,AZ_East,NA,NA,NA,NA,NA
197806,27,3,0,1978,6,AZ_East,NA,NA,NA,NA,NA
197807,8,15,8,1978,7,AZ_East,NA,NA,NA,NA,NA
197808,6,19,6,1978,8,AZ_East,NA,NA,NA,NA,NA
197809,8,18,4,1978,9,AZ_East,NA,NA,NA,NA,NA
197810,26,4,1,1978,10,AZ_East,NA,NA,NA,NA,NA
197906,25,5,0,1979,6,AZ_East,197906,24,5.45,0.55,02
197906,25,5,0,1979,6,AZ_East,197906,24.85,5.05,0.1,05
197907,12,13,6,1979,7,AZ_East,197907,13.35,14.55,3.1,02
197907,12,13,6,1979,7,AZ_East,197907,12.9,14.3,3.8,05
197908,8,10,13,1979,8,AZ_East,197908,6.85,15.55,8.6,02
197908,8,10,13,1979,8,AZ_East,197908,5.65,13.35,12,05
197908,8,10,13,1979,8,AZ_East,197908,14.9,13.65,1.45,08
197909,13,17,0,1979,9,AZ_East,197909,9.35,14.6,6.05,05
197909,13,17,0,1979,9,AZ_East,197909,12.75,12.85,5.4,08
197910,30,1,0,1979,10,AZ_East,197910,24.65,5.6,0.75,05
197910,30,1,0,1979,10,AZ_East,197910,25.5,4.75,0.75,08
198006,29,1,0,1980,6,AZ_East,198006,26,4,0,02
198006,29,1,0,1980,6,AZ_East,198006,21.9,6.95,1.15,05
198007,3,16,12,1980,7,AZ_East,198007,15.5,12.1,3.4,02
198007,3,16,12,1980,7,AZ_East,198007,6.45,15.15,9.4,05
198008,4,17,10,1980,8,AZ_East,198008,6.05,14,10.95,02
198008,4,17,10,1980,8,AZ_East,198008,2.6,14,14.4,05
198008,4,17,10,1980,8,AZ_East,198008,1.85,13.05,15.1,08
198009,12,12,6,1980,9,AZ_East,198009,9.6,12.6,7.8,05
198009,12,12,6,1980,9,AZ_East,198009,12.4,13.05,5.55,08
198010,29,2,0,1980,10,AZ_East,198010,22.05,7.2,1.75,05
198010,29,2,0,1980,10,AZ_East,198010,23.85,6.05,1.1,08
198106,18,8,4,1981,6,AZ_East,198106,25.95,3.6,0.45,02
198106,18,8,4,1981,6,AZ_East,198106,25.1,4.55,0.35,05
198107,0,14,17,1981,7,AZ_East,198107,9.35,14.6,7.05,02
198107,0,14,17,1981,7,AZ_East,198107,8.4,14.45,8.15,05
198108,0,10,21,1981,8,AZ_East,198108,1.2,13.7,16.1,02
198108,0,10,21,1981,8,AZ_East,198108,2,12.5,16.5,05
198108,0,10,21,1981,8,AZ_East,198108,7.55,16.95,5.5,08
198109,5,19,6,1981,9,AZ_East,198109,4.5,13.45,12.05,05
198109,5,19,6,1981,9,AZ_East,198109,7.7,13.5,9.8,08
198110,21,9,1,1981,10,AZ_East,198110,22.85,7.25,0.9,05
198110,21,9,1,1981,10,AZ_East,198110,25.2,4.85,0.95,08
198206,28,2,0,1982,6,AZ_East,198206,25.3,3.7,1,02
198206,28,2,0,1982,6,AZ_East,198206,24.5,5,0.5,05
198207,4,16,11,1982,7,AZ_East,198207,16.9,10.85,3.25,02
198207,4,16,11,1982,7,AZ_East,198207,9.9,14.3,6.8,05
198208,0,4,27,1982,8,AZ_East,198208,5.25,15.95,9.8,02
198208,0,4,27,1982,8,AZ_East,198208,4.65,16.35,10,05
198208,0,4,27,1982,8,AZ_East,198208,7.5,15.05,7.45,08
198209,2,17,11,1982,9,AZ_East,198209,9.4,13.35,7.25,05
198209,2,17,11,1982,9,AZ_East,198209,10.35,13.5,7.15,08
198210,30,1,0,1982,10,AZ_East,198210,21.5,7.85,1.65,05
198210,30,1,0,1982,10,AZ_East,198210,22.25,7.85,0.9,08
198306,28,2,0,1983,6,AZ_East,198306,24.85,4.85,0.3,02
198306,28,2,0,1983,6,AZ_East,198306,22.1,6.8,1.1,05
198307,5,11,15,1983,7,AZ_East,198307,18.65,10,2.35,02
198307,5,11,15,1983,7,AZ_East,198307,18.9,9.4,2.7,05
198308,0,6,25,1983,8,AZ_East,198308,7.05,16.7,7.25,02
198308,0,6,25,1983,8,AZ_East,198308,8.95,16.15,5.9,05
198308,0,6,25,1983,8,AZ_East,198308,1.6,8.7,19.7,08
198309,0,12,18,1983,9,AZ_East,198309,9.6,14.15,6.25,05
198309,0,12,18,1983,9,AZ_East,198309,8.45,14.55,8,08
198310,14,13,4,1983,10,AZ_East,198310,23.7,6.35,0.95,05
198310,14,13,4,1983,10,AZ_East,198310,22.3,6.9,1.8,08
198406,15,11,4,1984,6,AZ_East,198406,26.3,3.35,0.35,02
198406,15,11,4,1984,6,AZ_East,198406,25.2,4.5,0.3,05
198407,0,3,28,1984,7,AZ_East,198407,12.65,14.45,3.9,02
198407,0,3,28,1984,7,AZ_East,198407,7.85,16.05,7.1,05
198408,0,3,28,1984,8,AZ_East,198408,2.6,13.2,15.2,02
198408,0,3,28,1984,8,AZ_East,198408,3.15,14.1,13.75,05
198408,0,3,28,1984,8,AZ_East,198408,1.75,15.9,12.35,08
198409,5,16,9,1984,9,AZ_East,198409,8.1,13.05,8.85,05
198409,5,16,9,1984,9,AZ_East,198409,6.35,14.95,9.7,08
198410,23,8,0,1984,10,AZ_East,198410,24.05,5.95,1,05
198410,23,8,0,1984,10,AZ_East,198410,23.6,6,1.4,08
198506,26,4,0,1985,6,AZ_East,198506,26.25,3.4,0.35,02
198506,26,4,0,1985,6,AZ_East,198506,24.55,4.8,0.65,05
198507,5,7,19,1985,7,AZ_East,198507,12.4,13.9,4.7,02
198507,5,7,19,1985,7,AZ_East,198507,7.5,18.1,5.4,05
198508,3,23,5,1985,8,AZ_East,198508,6.2,13.9,10.9,02
198508,3,23,5,1985,8,AZ_East,198508,3.3,17.6,10.1,05
198508,3,23,5,1985,8,AZ_East,198508,8.45,16.3,5.25,08
198509,6,21,3,1985,9,AZ_East,198509,5.9,14.15,9.95,05
198509,6,21,3,1985,9,AZ_East,198509,10.25,14.95,5.8,08
198510,21,10,0,1985,10,AZ_East,198510,21.55,8.25,1.2,05
198510,21,10,0,1985,10,AZ_East,198510,23.9,6.2,0.9,08
198606,14,14,2,1986,6,AZ_East,198606,25.15,4.65,0.2,02
198606,14,14,2,1986,6,AZ_East,198606,26,3.6,0.4,05
198607,5,10,16,1986,7,AZ_East,198607,13.9,13.25,3.85,02
198607,5,10,16,1986,7,AZ_East,198607,7.15,17.1,6.75,05
198608,0,4,27,1986,8,AZ_East,198608,4,16.05,10.95,02
198608,0,4,27,1986,8,AZ_East,198608,3.35,17.65,10,05
198608,0,4,27,1986,8,AZ_East,198608,12.2,15.5,2.3,08
198609,15,13,2,1986,9,AZ_East,198609,6.5,13.7,9.8,05
198609,15,13,2,1986,9,AZ_East,198609,8.15,16.35,6.5,08
198610,22,9,0,1986,10,AZ_East,198610,21.45,8.25,1.3,05
198610,22,9,0,1986,10,AZ_East,198610,24.05,6.65,0.3,08
198706,18,11,1,1987,6,AZ_East,198706,26.45,3.5,0.05,02
198706,18,11,1,1987,6,AZ_East,198706,25.8,3.7,0.5,05
198707,13,9,9,1987,7,AZ_East,198707,15.5,10.95,4.55,02
198707,13,9,9,1987,7,AZ_East,198707,13.9,14.35,2.75,05
198708,3,11,17,1987,8,AZ_East,198708,5.75,13,12.25,02
198708,3,11,17,1987,8,AZ_East,198708,5.3,17.45,8.25,05
198708,3,11,17,1987,8,AZ_East,198708,3.85,17.1,9.05,08
198709,15,15,0,1987,9,AZ_East,198709,5.95,13.7,10.35,05
198709,15,15,0,1987,9,AZ_East,198709,12.65,12,6.35,08
198710,22,9,0,1987,10,AZ_East,198710,21.75,7.25,2,05
198710,22,9,0,1987,10,AZ_East,198710,24.25,5.95,0.8,08
198806,15,7,8,1988,6,AZ_East,198806,24.9,4.75,0.35,02
198806,15,7,8,1988,6,AZ_East,198806,22.85,6.75,0.4,05
198807,0,24,7,1988,7,AZ_East,198807,11.05,14.45,5.5,02
198807,0,24,7,1988,7,AZ_East,198807,9.85,15.25,5.9,05
198808,0,9,22,1988,8,AZ_East,198808,3.8,12.6,14.6,02
198808,0,9,22,1988,8,AZ_East,198808,2.65,14.4,13.95,05
198808,0,9,22,1988,8,AZ_East,198808,1.4,12.05,16.55,08
198809,18,11,1,1988,9,AZ_East,198809,7.65,11.15,11.2,05
198809,18,11,1,1988,9,AZ_East,198809,9.45,12.45,9.1,08
198810,20,11,0,1988,10,AZ_East,198810,25,5.5,0.5,05
198810,20,11,0,1988,10,AZ_East,198810,26.1,4.35,0.55,08
198906,29,1,0,1989,6,AZ_East,198906,26.25,3.35,0.4,02
198906,29,1,0,1989,6,AZ_East,198906,24.1,5.5,0.4,05
198907,8,10,13,1989,7,AZ_East,198907,8.9,16.1,6,02
198907,8,10,13,1989,7,AZ_East,198907,8.15,18.15,4.7,05
198908,2,16,13,1989,8,AZ_East,198908,3.5,15.1,12.4,02
198908,2,16,13,1989,8,AZ_East,198908,2.3,20.25,8.45,05
198908,2,16,13,1989,8,AZ_East,198908,3.2,17.2,9.6,08
198909,14,16,0,1989,9,AZ_East,198909,6.3,15.05,8.65,05
198909,14,16,0,1989,9,AZ_East,198909,6.75,12.95,11.3,08
198910,25,6,0,1989,10,AZ_East,198910,20.75,8.6,1.65,05
198910,25,6,0,1989,10,AZ_East,198910,25.1,4.5,1.4,08
199006,24,4,2,1990,6,AZ_East,199006,24.7,4.7,0.6,02
199006,24,4,2,1990,6,AZ_East,199006,24.55,4.9,0.55,05
199007,0,10,21,1990,7,AZ_East,199007,12.25,12.75,6,02
199007,0,10,21,1990,7,AZ_East,199007,7.8,15.75,7.45,05
199008,3,20,8,1990,8,AZ_East,199008,2.75,15.65,12.6,02
199008,3,20,8,1990,8,AZ_East,199008,4.05,16.55,10.4,05
199008,3,20,8,1990,8,AZ_East,199008,5.4,18.75,5.85,08
199009,1,19,10,1990,9,AZ_East,199009,7.2,14.1,8.7,05
199009,1,19,10,1990,9,AZ_East,199009,7.45,15.3,8.25,08
199010,24,7,0,1990,10,AZ_East,199010,22.4,6.7,1.9,05
199010,24,7,0,1990,10,AZ_East,199010,21.55,8.1,1.35,08
199106,23,7,0,1991,6,AZ_East,199106,25.85,3.8,0.35,02
199106,23,7,0,1991,6,AZ_East,199106,24.55,5.05,0.4,05
199107,0,27,4,1991,7,AZ_East,199107,13.75,14.15,3.1,02
199107,0,27,4,1991,7,AZ_East,199107,9.5,15.75,5.75,05
199108,0,14,17,1991,8,AZ_East,199108,4.25,17.05,9.7,02
199108,0,14,17,1991,8,AZ_East,199108,5.55,15.8,9.65,05
199108,0,14,17,1991,8,AZ_East,199108,5.6,17.5,6.9,08
199109,4,19,7,1991,9,AZ_East,199109,9.65,13.5,6.85,05
199109,4,19,7,1991,9,AZ_East,199109,8.85,13.25,8.9,08
199110,29,2,0,1991,10,AZ_East,199110,23.35,6.8,0.85,05
199110,29,2,0,1991,10,AZ_East,199110,22.15,7.45,1.4,08
199206,24,6,0,1992,6,AZ_East,199206,24.75,4.75,0.5,02
199206,24,6,0,1992,6,AZ_East,199206,21.75,7.3,0.95,05
199207,5,16,10,1992,7,AZ_East,199207,16.15,11.6,3.25,02
199207,5,16,10,1992,7,AZ_East,199207,11.4,13.5,6.1,05
199208,1,10,20,1992,8,AZ_East,199208,5.65,14.9,10.45,02
199208,1,10,20,1992,8,AZ_East,199208,2.95,16.9,11.15,05
199208,1,10,20,1992,8,AZ_East,199208,3.35,17.95,8.7,08
199209,15,12,3,1992,9,AZ_East,199209,6.3,13.85,9.85,05
199209,15,12,3,1992,9,AZ_East,199209,9.6,14.8,6.6,08
199210,22,9,0,1992,10,AZ_East,199210,21.1,8.25,1.65,05
199210,22,9,0,1992,10,AZ_East,199210,21.55,7,2.45,08
199306,28,2,0,1993,6,AZ_East,199306,22.8,6.35,0.85,02
199306,28,2,0,1993,6,AZ_East,199306,21.25,7.3,1.45,05
199307,8,23,0,1993,7,AZ_East,199307,12.2,13.35,5.45,02
199307,8,23,0,1993,7,AZ_East,199307,10.55,15.2,5.25,05
199308,0,15,16,1993,8,AZ_East,199308,2.8,13.2,15,02
199308,0,15,16,1993,8,AZ_East,199308,4.35,14.5,12.15,05
199308,0,15,16,1993,8,AZ_East,199308,7.4,19.4,3.2,08
199309,18,11,1,1993,9,AZ_East,199309,6.45,13.75,9.8,05
199309,18,11,1,1993,9,AZ_East,199309,9.65,13.7,7.65,08
199310,23,8,0,1993,10,AZ_East,199310,22.55,6.85,1.6,05
199310,23,8,0,1993,10,AZ_East,199310,23.05,6.8,1.15,08
199406,24,4,2,1994,6,AZ_East,199406,25.45,4.25,0.3,02
199406,24,4,2,1994,6,AZ_East,199406,22,7.6,0.4,05
199407,15,12,4,1994,7,AZ_East,199407,8.25,17.35,5.4,02
199407,15,12,4,1994,7,AZ_East,199407,9.65,14.4,6.95,05
199408,0,15,16,1994,8,AZ_East,199408,3.75,15.95,11.3,02
199408,0,15,16,1994,8,AZ_East,199408,3,16.5,11.5,05
199408,0,15,16,1994,8,AZ_East,199408,7.5,15.8,6.7,08
199409,12,16,2,1994,9,AZ_East,199409,6.15,12.95,10.9,05
199409,12,16,2,1994,9,AZ_East,199409,11.25,13.6,6.15,08
199410,28,3,0,1994,10,AZ_East,199410,21,7.25,2.75,05
199410,28,3,0,1994,10,AZ_East,199410,25.6,4.9,0.5,08
199506,27,3,0,1995,6,AZ_East,199506,26.55,3.15,0.3,02
199506,27,3,0,1995,6,AZ_East,199506,24.15,5.6,0.25,05
199507,14,15,2,1995,7,AZ_East,199507,11.2,15.4,4.4,02
199507,14,15,2,1995,7,AZ_East,199507,13.85,12.6,4.55,05
199508,1,16,14,1995,8,AZ_East,199508,2.2,14.1,14.7,02
199508,1,16,14,1995,8,AZ_East,199508,4.2,13.15,13.65,05
199508,1,16,14,1995,8,AZ_East,199508,1.9,14.05,14.05,08
199509,9,14,7,1995,9,AZ_East,199509,4.95,11.1,13.95,05
199509,9,14,7,1995,9,AZ_East,199509,7.8,14.5,8.7,08
199510,31,0,0,1995,10,AZ_East,199510,22,7.05,1.95,05
199510,31,0,0,1995,10,AZ_East,199510,24.45,4.9,1.65,08
199606,22,8,0,1996,6,AZ_East,199606,26.55,3.25,0.2,02
199606,22,8,0,1996,6,AZ_East,199606,27.15,2.75,0.1,05
199607,0,17,14,1996,7,AZ_East,199607,11.25,14,5.75,02
199607,0,17,14,1996,7,AZ_East,199607,12.25,14.95,3.8,05
199608,3,20,8,1996,8,AZ_East,199608,2.6,13.35,15.05,02
199608,3,20,8,1996,8,AZ_East,199608,2.25,15.25,13.5,05
199608,3,20,8,1996,8,AZ_East,199608,5.15,13.85,11,08
199609,9,15,6,1996,9,AZ_East,199609,6.7,12.95,10.35,05
199609,9,15,6,1996,9,AZ_East,199609,11.1,14.45,5.45,08
199610,27,4,0,1996,10,AZ_East,199610,22.65,7,1.35,05
199610,27,4,0,1996,10,AZ_East,199610,23.4,6.75,0.85,08
199706,24,6,0,1997,6,AZ_East,199706,24.35,5.25,0.4,02
199706,24,6,0,1997,6,AZ_East,199706,25,4.55,0.45,05
199707,16,9,6,1997,7,AZ_East,199707,9.45,15,6.55,02
199707,16,9,6,1997,7,AZ_East,199707,10.9,13.6,6.5,05
199708,0,13,18,1997,8,AZ_East,199708,4.65,15.75,10.6,02
199708,0,13,18,1997,8,AZ_East,199708,5.1,14.65,11.25,05
199708,0,13,18,1997,8,AZ_East,199708,3.1,15.2,11.7,08
199709,0,9,21,1997,9,AZ_East,199709,5.95,14.05,10,05
199709,0,9,21,1997,9,AZ_East,199709,7.95,14.55,8.5,08
199710,23,7,1,1997,10,AZ_East,199710,20.4,8.55,2.05,05
199710,23,7,1,1997,10,AZ_East,199710,22,7.05,1.95,08
199806,30,0,0,1998,6,AZ_East,199806,24.7,4.95,0.35,02
199806,30,0,0,1998,6,AZ_East,199806,23.1,6.3,0.6,05
199807,3,12,16,1998,7,AZ_East,199807,11.65,11.5,7.85,02
199807,3,12,16,1998,7,AZ_East,199807,11.65,13.9,5.45,05
199808,0,18,13,1998,8,AZ_East,199808,3.05,12.25,15.7,02
199808,0,18,13,1998,8,AZ_East,199808,2.9,14.6,13.5,05
199808,0,18,13,1998,8,AZ_East,199808,1.6,17.65,10.75,08
199809,8,9,13,1998,9,AZ_East,199809,6.7,10.15,13.15,05
199809,8,9,13,1998,9,AZ_East,199809,5.35,14.75,10.9,08
199810,23,8,0,1998,10,AZ_East,199810,20.5,8.65,1.85,05
199810,23,8,0,1998,10,AZ_East,199810,21.9,7.45,1.65,08
199906,17,13,0,1999,6,AZ_East,199906,22.55,6.05,1.4,02
199906,17,13,0,1999,6,AZ_East,199906,24.15,5.55,0.3,05
199907,1,12,18,1999,7,AZ_East,199907,12.25,13.3,5.45,02
199907,1,12,18,1999,7,AZ_East,199907,8.75,15.1,7.15,05
199908,1,14,16,1999,8,AZ_East,199908,2.65,14.85,13.5,02
199908,1,14,16,1999,8,AZ_East,199908,3.35,16.1,11.55,05
199908,1,14,16,1999,8,AZ_East,199908,2.1,17.9,10,08
199909,8,18,4,1999,9,AZ_East,199909,7.9,12.75,9.35,05
199909,8,18,4,1999,9,AZ_East,199909,7.55,12.15,11.3,08
199910,31,0,0,1999,10,AZ_East,199910,23.6,6.6,0.8,05
199910,31,0,0,1999,10,AZ_East,199910,26.25,3.9,0.85,08
200006,17,13,0,2000,6,AZ_East,200006,26.8,3,0.2,02
200006,17,13,0,2000,6,AZ_East,200006,24.8,4.35,0.85,05
200007,7,23,1,2000,7,AZ_East,200007,11.1,13.65,6.25,02
200007,7,23,1,2000,7,AZ_East,200007,5.8,17.5,7.7,05
200008,0,15,16,2000,8,AZ_East,200008,4.7,15.65,10.65,02
200008,0,15,16,2000,8,AZ_East,200008,3.5,14.85,12.65,05
200008,0,15,16,2000,8,AZ_East,200008,3.6,19.7,6.7,08
200009,17,13,0,2000,9,AZ_East,200009,7.2,13.1,9.7,05
200009,17,13,0,2000,9,AZ_East,200009,12.25,13.95,4.8,08
200010,19,12,0,2000,10,AZ_East,200010,24.5,5.15,1.35,05
200010,19,12,0,2000,10,AZ_East,200010,24.45,5.2,1.35,08
200106,22,8,0,2001,6,AZ_East,200106,23.65,5.9,0.45,02
200106,22,8,0,2001,6,AZ_East,200106,25.25,3.8,0.95,05
200107,0,23,8,2001,7,AZ_East,200107,7.25,16,7.75,02
200107,0,23,8,2001,7,AZ_East,200107,7.45,15.9,7.65,05
200108,5,12,14,2001,8,AZ_East,200108,1.5,14.25,15.25,02
200108,5,12,14,2001,8,AZ_East,200108,3.9,14.55,12.55,05
200108,5,12,14,2001,8,AZ_East,200108,2.6,15.35,12.05,08
200109,18,9,3,2001,9,AZ_East,200109,6,13.6,10.4,05
200109,18,9,3,2001,9,AZ_East,200109,8.5,14.25,8.25,08
200110,25,6,0,2001,10,AZ_East,200110,22.75,6.95,1.3,05
200110,25,6,0,2001,10,AZ_East,200110,23.6,6.7,0.7,08
200206,30,0,0,2002,6,AZ_East,200206,25.1,4.6,0.3,02
200206,30,0,0,2002,6,AZ_East,200206,25.9,3.85,0.25,05
200207,4,18,9,2002,7,AZ_East,200207,12.4,13.1,5.5,02
200207,4,18,9,2002,7,AZ_East,200207,10.35,14.75,5.9,05
200208,9,21,1,2002,8,AZ_East,200208,5.95,15.35,9.7,02
200208,9,21,1,2002,8,AZ_East,200208,4.2,17.55,9.25,05
200208,9,21,1,2002,8,AZ_East,200208,4.3,19.85,5.85,08
200209,13,11,6,2002,9,AZ_East,200209,7.1,13.55,9.35,05
200209,13,11,6,2002,9,AZ_East,200209,10.85,14.85,5.3,08
200210,31,0,0,2002,10,AZ_East,200210,21.1,7.9,2,05
200210,31,0,0,2002,10,AZ_East,200210,24.3,6.25,0.45,08
200306,29,1,0,2003,6,AZ_East,200306,25.25,4.7,0.05,02
200306,29,1,0,2003,6,AZ_East,200306,23.55,5.55,0.9,05
200307,15,5,11,2003,7,AZ_East,200307,11.3,13.7,6,02
200307,15,5,11,2003,7,AZ_East,200307,8.15,15.1,7.75,05
200308,0,11,20,2003,8,AZ_East,200308,4.2,14.25,12.55,02
200308,0,11,20,2003,8,AZ_East,200308,2.25,14.7,14.05,05
200308,0,11,20,2003,8,AZ_East,200308,3.85,15.15,11,08
200309,17,8,5,2003,9,AZ_East,200309,5.5,12.55,11.95,05
200309,17,8,5,2003,9,AZ_East,200309,8.55,14.8,7.65,08
200310,20,11,0,2003,10,AZ_East,200310,23,6.65,1.35,05
200310,20,11,0,2003,10,AZ_East,200310,22.75,6.45,1.8,08
200406,29,1,0,2004,6,AZ_East,200406,26.75,2.95,0.3,02
200406,29,1,0,2004,6,AZ_East,200406,23.2,4.75,2.05,05
200407,11,11,9,2004,7,AZ_East,200407,12,12.4,6.6,02
200407,11,11,9,2004,7,AZ_East,200407,7.9,16.8,6.3,05
200408,8,15,8,2004,8,AZ_East,200408,2.65,13.3,15.05,02
200408,8,15,8,2004,8,AZ_East,200408,2.45,13.95,14.6,05
200408,8,15,8,2004,8,AZ_East,200408,10.15,19.05,0.8,08
200409,16,13,1,2004,9,AZ_East,200409,4.3,13.4,12.3,05
200409,16,13,1,2004,9,AZ_East,200409,9.85,15.6,5.55,08
200410,27,4,0,2004,10,AZ_East,200410,23.35,6.4,1.25,05
200410,27,4,0,2004,10,AZ_East,200410,20.75,8.3,1.95,08
200506,27,3,0,2005,6,AZ_East,200506,24.7,4.75,0.55,02
200506,27,3,0,2005,6,AZ_East,200506,23.85,5.45,0.7,05
200507,14,10,7,2005,7,AZ_East,200507,11.3,14,5.7,02
200507,14,10,7,2005,7,AZ_East,200507,6.15,15.1,9.75,05
200508,3,12,16,2005,8,AZ_East,200508,2.65,12.4,15.95,02
200508,3,12,16,2005,8,AZ_East,200508,3.4,12.95,14.65,05
200508,3,12,16,2005,8,AZ_East,200508,1.25,8.55,20.2,08
200509,13,17,0,2005,9,AZ_East,200509,5.6,11.75,12.65,05
200509,13,17,0,2005,9,AZ_East,200509,7.65,9.75,13.6,08
200510,23,8,0,2005,10,AZ_East,200510,21.25,8.05,1.7,05
200510,23,8,0,2005,10,AZ_East,200510,23,5.85,2.15,08
200606,22,8,0,2006,6,AZ_East,200606,27.1,2.6,0.3,02
200606,22,8,0,2006,6,AZ_East,200606,24.8,4.65,0.55,05
200607,0,10,21,2006,7,AZ_East,200607,9.25,14.95,6.8,02
200607,0,10,21,2006,7,AZ_East,200607,9.9,14.7,6.4,05
200608,0,11,20,2006,8,AZ_East,200608,3.5,14.55,12.95,02
200608,0,11,20,2006,8,AZ_East,200608,3.05,13.95,14,05
200608,0,11,20,2006,8,AZ_East,200608,4,19.3,6.7,08
200609,15,8,7,2006,9,AZ_East,200609,5.95,14.15,9.9,05
200609,15,8,7,2006,9,AZ_East,200609,7.55,14.45,9,08
200610,20,10,1,2006,10,AZ_East,200610,22.45,6.8,1.75,05
200610,20,10,1,2006,10,AZ_East,200610,25.05,4.9,1.05,08
200706,29,1,0,2007,6,AZ_East,200706,24.8,4.9,0.3,02
200706,29,1,0,2007,6,AZ_East,200706,25.8,3.6,0.6,05
200707,4,16,11,2007,7,AZ_East,200707,13.3,13.15,4.55,02
200707,4,16,11,2007,7,AZ_East,200707,9.25,17.05,4.7,05
200708,0,13,18,2007,8,AZ_East,200708,2.55,12.3,16.15,02
200708,0,13,18,2007,8,AZ_East,200708,3.65,17.25,10.1,05
200708,0,13,18,2007,8,AZ_East,200708,1.55,12.15,16.3,08
200709,9,16,5,2007,9,AZ_East,200709,7.45,12.1,10.45,05
200709,9,16,5,2007,9,AZ_East,200709,7.45,14.45,9.1,08
200710,26,5,0,2007,10,AZ_East,200710,24.45,5.45,1.1,05
200710,26,5,0,2007,10,AZ_East,200710,25.45,4.95,0.6,08
200806,28,2,0,2008,6,AZ_East,200806,23,5.85,1.15,02
200806,28,2,0,2008,6,AZ_East,200806,25.7,3.9,0.4,05
200807,0,16,15,2008,7,AZ_East,200807,6.65,18.55,5.8,02
200807,0,16,15,2008,7,AZ_East,200807,6.8,17.5,6.7,05
200808,0,18,13,2008,8,AZ_East,200808,3.85,13.25,13.9,02
200808,0,18,13,2008,8,AZ_East,200808,1.9,17.55,11.55,05
200808,0,18,13,2008,8,AZ_East,200808,4.65,20.9,4.45,08
200809,13,15,2,2008,9,AZ_East,200809,5.7,12.05,12.25,05
200809,13,15,2,2008,9,AZ_East,200809,7.3,16.15,7.55,08
200810,30,1,0,2008,10,AZ_East,200810,20.8,8.5,1.7,05
200810,30,1,0,2008,10,AZ_East,200810,25.15,5.05,0.8,08
200906,20,9,1,2009,6,AZ_East,200906,24.25,4.7,1.05,02
200906,20,9,1,2009,6,AZ_East,200906,23.1,6.05,0.85,05
200907,4,19,8,2009,7,AZ_East,200907,9.25,14,7.75,02
200907,4,19,8,2009,7,AZ_East,200907,5.95,16.35,8.7,05
200908,12,15,4,2009,8,AZ_East,200908,5.25,15.75,10,02
200908,12,15,4,2009,8,AZ_East,200908,2,15.7,13.3,05
200908,12,15,4,2009,8,AZ_East,200908,12.8,15.1,2.1,08
200909,10,18,2,2009,9,AZ_East,200909,4.85,14.15,11,05
200909,10,18,2,2009,9,AZ_East,200909,10.55,14.2,6.25,08
200910,27,4,0,2009,10,AZ_East,200910,19.65,8.2,3.15,05
200910,27,4,0,2009,10,AZ_East,200910,23.2,6.5,1.3,08
201006,28,2,0,2010,6,AZ_East,201006,25.55,3.5,0.95,02
201006,28,2,0,2010,6,AZ_East,201006,26.5,3.25,0.25,05
201007,4,16,11,2010,7,AZ_East,201007,11.85,13.35,5.8,02
201007,4,16,11,2010,7,AZ_East,201007,12.05,13.9,5.05,05
201008,0,17,14,2010,8,AZ_East,201008,4.45,14.5,12.05,02
201008,0,17,14,2010,8,AZ_East,201008,3.5,13.95,13.55,05
201008,0,17,14,2010,8,AZ_East,201008,3.05,10.85,16.1,08
201009,15,15,0,2010,9,AZ_East,201009,6.85,14,9.15,05
201009,15,15,0,2010,9,AZ_East,201009,7.05,12.95,11,08
201010,22,9,0,2010,10,AZ_East,201010,24.75,5.4,0.85,05
201010,22,9,0,2010,10,AZ_East,201010,27.1,3.2,0.7,08
201106,29,1,0,2011,6,AZ_East,201106,26.55,2.7,0.75,02
201106,29,1,0,2011,6,AZ_East,201106,27.1,2.65,0.25,05
201107,4,10,17,2011,7,AZ_East,201107,12,12.55,6.45,02
201107,4,10,17,2011,7,AZ_East,201107,10.7,15.65,4.65,05
201108,1,19,11,2011,8,AZ_East,201108,1.5,12.2,17.3,02
201108,1,19,11,2011,8,AZ_East,201108,2.35,15.05,13.6,05
201108,1,19,11,2011,8,AZ_East,201108,6.7,13.65,9.65,08
201109,12,14,4,2011,9,AZ_East,201109,7.3,13.4,9.3,05
201109,12,14,4,2011,9,AZ_East,201109,9.3,12.35,9.35,08
201110,26,5,0,2011,10,AZ_East,201110,23.1,6.8,1.1,05
201110,26,5,0,2011,10,AZ_East,201110,24.9,5.45,0.65,08
201206,29,1,0,2012,6,AZ_East,201206,25.5,4.15,0.35,02
201206,29,1,0,2012,6,AZ_East,201206,27.45,2.35,0.2,05
201207,2,15,14,2012,7,AZ_East,201207,10.35,14.7,5.95,02
201207,2,15,14,2012,7,AZ_East,201207,8.1,16,6.9,05
201208,0,15,16,2012,8,AZ_East,201208,2.35,15.2,13.45,02
201208,0,15,16,2012,8,AZ_East,201208,3.95,17.05,10,05
201208,0,15,16,2012,8,AZ_East,201208,4.25,17.4,8.35,08
201209,13,11,6,2012,9,AZ_East,201209,5.85,14,10.15,05
201209,13,11,6,2012,9,AZ_East,201209,10.1,14.65,6.25,08
201210,30,1,0,2012,10,AZ_East,201210,23.8,6.1,1.1,05
201210,30,1,0,2012,10,AZ_East,201210,23.75,5.75,1.5,08
201306,29,1,0,2013,6,AZ_East,201306,27.45,2.4,0.15,02
201306,29,1,0,2013,6,AZ_East,201306,25.85,3.8,0.35,05
201307,0,9,22,2013,7,AZ_East,201307,8.35,15.65,7,02
201307,0,9,22,2013,7,AZ_East,201307,10.4,14.25,6.35,05
201308,1,16,14,2013,8,AZ_East,201308,4.6,15.05,11.35,02
201308,1,16,14,2013,8,AZ_East,201308,4.65,13.65,12.7,05
201308,1,16,14,2013,8,AZ_East,201308,9.95,15.05,5,08
201309,8,6,16,2013,9,AZ_East,201309,6.55,13.95,9.5,05
201309,8,6,16,2013,9,AZ_East,201309,9.8,12.45,8.75,08
201310,31,0,0,2013,10,AZ_East,201310,20.4,9.2,1.4,05
201310,31,0,0,2013,10,AZ_East,201310,22.95,6.3,1.75,08
201406,30,0,0,2014,6,AZ_East,201406,23.75,5.2,1.05,02
201406,30,0,0,2014,6,AZ_East,201406,24.25,5.1,0.65,05
201407,1,12,18,2014,7,AZ_East,201407,11.05,15.75,4.2,02
201407,1,12,18,2014,7,AZ_East,201407,9.1,15.15,6.75,05
201408,2,13,16,2014,8,AZ_East,201408,2.95,15.7,12.35,02
201408,2,13,16,2014,8,AZ_East,201408,1.5,13.3,16.2,05
201408,2,13,16,2014,8,AZ_East,201408,3.65,14.55,11.8,08
201409,4,13,13,2014,9,AZ_East,201409,5.55,12.7,11.75,05
201409,4,13,13,2014,9,AZ_East,201409,7.2,14,9.8,08
201410,23,8,0,2014,10,AZ_East,201410,21.2,7.85,1.95,05
201410,23,8,0,2014,10,AZ_East,201410,20.8,7.85,2.35,08
201506,12,16,2,2015,6,AZ_East,201506,22.1,6.75,1.15,02
201506,12,16,2,2015,6,AZ_East,201506,20.5,8.15,1.35,05
201507,0,18,13,2015,7,AZ_East,201507,10.5,15.5,5,02
201507,0,18,13,2015,7,AZ_East,201507,6.7,15.55,8.75,05
201508,0,17,14,2015,8,AZ_East,201508,3,15.15,12.85,02
201508,0,17,14,2015,8,AZ_East,201508,3.85,11.05,16.1,05
201508,0,17,14,2015,8,AZ_East,201508,12.85,13.1,4.05,08
201509,0,28,2,2015,9,AZ_East,201509,4.95,14,11.05,05
201509,0,28,2,2015,9,AZ_East,201509,9.9,14.6,6.5,08
201510,13,15,3,2015,10,AZ_East,201510,16.85,10.45,3.7,05
201510,13,15,3,2015,10,AZ_East,201510,19.65,9.15,2.2,08
201606,17,12,1,2016,6,AZ_East,201606,24.65,4.7,0.65,02
201606,17,12,1,2016,6,AZ_East,201606,21.05,8.45,0.5,05
201607,9,15,7,2016,7,AZ_East,201607,12.8,13.1,5.1,02
201607,9,15,7,2016,7,AZ_East,201607,6.25,16.4,8.35,05
201608,0,22,9,2016,8,AZ_East,201608,2.7,14.75,13.55,02
201608,0,22,9,2016,8,AZ_East,201608,1.95,13.7,15.35,05
201608,0,22,9,2016,8,AZ_East,201608,1.2,14.4,14.4,08
201609,9,17,4,2016,9,AZ_East,201609,2.9,10.2,16.9,05
201609,9,17,4,2016,9,AZ_East,201609,6.6,13.1,11.3,08
201610,22,9,0,2016,10,AZ_East,201610,21.35,7.65,2,05
201610,22,9,0,2016,10,AZ_East,201610,20.8,8.7,1.5,08
201706,26,4,0,2017,6,AZ_East,201706,25.45,3.9,0.65,02
201706,26,4,0,2017,6,AZ_East,201706,23.5,6.35,0.15,05
201707,5,4,22,2017,7,AZ_East,201707,10.3,13.1,7.6,02
201707,5,4,22,2017,7,AZ_East,201707,7.65,17.45,5.9,05
201708,2,18,11,2017,8,AZ_East,201708,3.95,13.6,13.45,02
201708,2,18,11,2017,8,AZ_East,201708,2.85,15.05,13.1,05
201708,2,18,11,2017,8,AZ_East,201708,1.85,15.2,12.95,08
201709,11,16,3,2017,9,AZ_East,201709,5,13.5,11.5,05
201709,11,16,3,2017,9,AZ_East,201709,5.4,13.7,11.9,08
201710,27,4,0,2017,10,AZ_East,201710,19.1,9.4,2.5,05
201710,27,4,0,2017,10,AZ_East,201710,23,6.4,1.6,08
201806,27,3,0,2018,6,AZ_East,201806,25.1,4.55,0.35,02
201806,27,3,0,2018,6,AZ_East,201806,22.45,6.25,1.3,05
201807,5,6,20,2018,7,AZ_East,201807,9,15.25,6.75,02
201807,5,6,20,2018,7,AZ_East,201807,6.7,15.95,8.35,05
201808,2,14,15,2018,8,AZ_East,201808,1.85,13.95,15.2,02
201808,2,14,15,2018,8,AZ_East,201808,1.35,17.9,11.75,05
201808,2,14,15,2018,8,AZ_East,201808,2.05,16.25,11.7,08
201809,9,21,0,2018,9,AZ_East,201809,2.35,14.2,13.45,05
201809,9,21,0,2018,9,AZ_East,201809,7.9,14.65,8.45,08
201810,15,12,4,2018,10,AZ_East,201810,17.5,10.45,3.05,05
201810,15,12,4,2018,10,AZ_East,201810,20.5,8.05,2.45,08
201906,28,2,0,2019,6,AZ_East,201906,23.2,6.3,0.5,02
201906,28,2,0,2019,6,AZ_East,201906,22.7,6.2,1.1,05
201907,7,17,7,2019,7,AZ_East,201907,9.05,14.6,7.35,02
201907,7,17,7,2019,7,AZ_East,201907,7.65,13.8,9.55,05
201908,6,20,5,2019,8,AZ_East,201908,3.3,13.4,14.3,02
201908,6,20,5,2019,8,AZ_East,201908,2.2,17.45,11.35,05
201908,6,20,5,2019,8,AZ_East,201908,8.85,15.25,5.9,08
201909,5,22,3,2019,9,AZ_East,201909,4.05,13.6,12.35,05
201909,5,22,3,2019,9,AZ_East,201909,7.35,14.05,9.6,08
201910,30,1,0,2019,10,AZ_East,201910,14.75,12.75,3.5,05
201910,30,1,0,2019,10,AZ_East,201910,23,6.3,1.7,08
202006,29,1,0,2020,6,AZ_East,NA,NA,NA,NA,NA
202007,7,23,1,2020,7,AZ_East,NA,NA,NA,NA,NA
202008,8,22,1,2020,8,AZ_East,NA,NA,NA,NA,NA
202009,26,4,0,2020,9,AZ_East,NA,NA,NA,NA,NA
202010,31,0,0,2020,10,AZ_East,NA,NA,NA,NA,NA
202106,23,6,1,2021,6,AZ_East,NA,NA,NA,NA,NA
202107,0,6,25,2021,7,AZ_East,NA,NA,NA,NA,NA
202108,0,18,13,2021,8,AZ_East,NA,NA,NA,NA,NA
202109,7,20,3,2021,9,AZ_East,NA,NA,NA,NA,NA
202110,25,6,0,2021,10,AZ_East,NA,NA,NA,NA,NA
202206,19,11,0,2022,6,AZ_East,NA,NA,NA,NA,NA
202207,0,15,16,2022,7,AZ_East,NA,NA,NA,NA,NA
202208,0,3,28,2022,8,AZ_East,NA,NA,NA,NA,NA
202209,2,21,7,2022,9,AZ_East,NA,NA,NA,NA,NA
202210,17,14,0,2022,10,AZ_East,NA,NA,NA,NA,NA
202306,30,0,0,2023,6,AZ_East,NA,NA,NA,NA,NA
202307,9,19,3,2023,7,AZ_East,NA,NA,NA,NA,NA
202308,2,10,19,2023,8,AZ_East,NA,NA,NA,NA,NA
202309,17,7,6,2023,9,AZ_East,NA,NA,NA,NA,NA
202310,29,2,0,2023,10,AZ_East,NA,NA,NA,NA,NA
197006,20,10,0,1970,6,AZ_West,NA,NA,NA,NA,NA
197007,2,19,10,1970,7,AZ_West,NA,NA,NA,NA,NA
197008,0,13,18,1970,8,AZ_West,NA,NA,NA,NA,NA
197009,19,10,1,1970,9,AZ_West,NA,NA,NA,NA,NA
197010,28,3,0,1970,10,AZ_West,NA,NA,NA,NA,NA
197106,28,2,0,1971,6,AZ_West,NA,NA,NA,NA,NA
197107,10,13,8,1971,7,AZ_West,NA,NA,NA,NA,NA
197108,0,5,26,1971,8,AZ_West,NA,NA,NA,NA,NA
197109,20,9,1,1971,9,AZ_West,NA,NA,NA,NA,NA
197110,26,5,0,1971,10,AZ_West,NA,NA,NA,NA,NA
197206,9,14,7,1972,6,AZ_West,NA,NA,NA,NA,NA
197207,8,21,2,1972,7,AZ_West,NA,NA,NA,NA,NA
197208,2,20,9,1972,8,AZ_West,NA,NA,NA,NA,NA
197209,15,5,10,1972,9,AZ_West,NA,NA,NA,NA,NA
197210,10,14,7,1972,10,AZ_West,NA,NA,NA,NA,NA
197306,20,10,0,1973,6,AZ_West,NA,NA,NA,NA,NA
197307,8,17,6,1973,7,AZ_West,NA,NA,NA,NA,NA
197308,3,17,11,1973,8,AZ_West,NA,NA,NA,NA,NA
197309,23,7,0,1973,9,AZ_West,NA,NA,NA,NA,NA
197310,31,0,0,1973,10,AZ_West,NA,NA,NA,NA,NA
197406,30,0,0,1974,6,AZ_West,NA,NA,NA,NA,NA
197407,7,10,14,1974,7,AZ_West,NA,NA,NA,NA,NA
197408,20,5,6,1974,8,AZ_West,NA,NA,NA,NA,NA
197409,10,18,2,1974,9,AZ_West,NA,NA,NA,NA,NA
197410,12,18,1,1974,10,AZ_West,NA,NA,NA,NA,NA
197506,25,5,0,1975,6,AZ_West,NA,NA,NA,NA,NA
197507,2,14,15,1975,7,AZ_West,NA,NA,NA,NA,NA
197508,13,17,1,1975,8,AZ_West,NA,NA,NA,NA,NA
197509,11,9,10,1975,9,AZ_West,NA,NA,NA,NA,NA
197510,31,0,0,1975,10,AZ_West,NA,NA,NA,NA,NA
197606,28,2,0,1976,6,AZ_West,NA,NA,NA,NA,NA
197607,6,12,13,1976,7,AZ_West,NA,NA,NA,NA,NA
197608,4,23,4,1976,8,AZ_West,NA,NA,NA,NA,NA
197609,1,20,9,1976,9,AZ_West,NA,NA,NA,NA,NA
197610,25,5,1,1976,10,AZ_West,NA,NA,NA,NA,NA
197706,14,15,1,1977,6,AZ_West,NA,NA,NA,NA,NA
197707,4,15,12,1977,7,AZ_West,NA,NA,NA,NA,NA
197708,0,15,16,1977,8,AZ_West,NA,NA,NA,NA,NA
197709,6,20,4,1977,9,AZ_West,NA,NA,NA,NA,NA
197710,21,8,2,1977,10,AZ_West,NA,NA,NA,NA,NA
197806,27,3,0,1978,6,AZ_West,NA,NA,NA,NA,NA
197807,8,18,5,1978,7,AZ_West,NA,NA,NA,NA,NA
197808,10,13,8,1978,8,AZ_West,NA,NA,NA,NA,NA
197809,6,20,4,1978,9,AZ_West,NA,NA,NA,NA,NA
197810,25,5,1,1978,10,AZ_West,NA,NA,NA,NA,NA
197906,27,3,0,1979,6,AZ_West,197906,19.8,9.2,1,02
197906,27,3,0,1979,6,AZ_West,197906,20.7,9.15,0.15,05
197906,27,3,0,1979,6,AZ_West,198006,18.8,10.9,0.3,11
197907,11,14,6,1979,7,AZ_West,197907,13.4,15.2,2.4,02
197907,11,14,6,1979,7,AZ_West,197907,13.7,14.2,3.1,05
197907,11,14,6,1979,7,AZ_West,198007,11.9,14.85,4.25,11
197908,8,11,12,1979,8,AZ_West,197908,8.65,15.55,6.8,02
197908,8,11,12,1979,8,AZ_West,197908,6.6,13.95,10.45,05
197908,8,11,12,1979,8,AZ_West,197908,16.55,12.2,1.25,08
197908,8,11,12,1979,8,AZ_West,198008,4.95,17.4,8.65,11
197909,14,16,0,1979,9,AZ_West,197909,10.75,13.5,5.75,05
197909,14,16,0,1979,9,AZ_West,197909,14.15,11.9,4.95,08
197909,14,16,0,1979,9,AZ_West,198009,8.25,13.25,8.5,11
197910,28,3,0,1979,10,AZ_West,197910,22.7,7.15,1.15,05
197910,28,3,0,1979,10,AZ_West,197910,23.3,6.7,1,08
197910,28,3,0,1979,10,AZ_West,198010,16.5,11.8,2.7,11
198006,27,2,1,1980,6,AZ_West,198006,20.45,9.5,0.05,02
198006,27,2,1,1980,6,AZ_West,198006,19.35,9.8,0.85,05
198006,27,2,1,1980,6,AZ_West,198106,20,9.65,0.35,11
198007,2,17,12,1980,7,AZ_West,198007,14.65,13.15,3.2,02
198007,2,17,12,1980,7,AZ_West,198007,8.1,14.65,8.25,05
198007,2,17,12,1980,7,AZ_West,198107,11.05,15.1,4.85,11
198008,4,18,9,1980,8,AZ_West,198008,7.85,13.15,10,02
198008,4,18,9,1980,8,AZ_West,198008,3.8,13.75,13.45,05
198008,4,18,9,1980,8,AZ_West,198008,2.55,11.9,15.55,08
198008,4,18,9,1980,8,AZ_West,198108,5.7,13.6,11.7,11
198009,10,14,6,1980,9,AZ_West,198009,9.3,13.55,7.15,05
198009,10,14,6,1980,9,AZ_West,198009,13.1,12.85,5.05,08
198009,10,14,6,1980,9,AZ_West,198109,8.25,13.25,8.5,11
198010,28,3,0,1980,10,AZ_West,198010,20.8,7.8,2.4,05
198010,28,3,0,1980,10,AZ_West,198010,19.55,9.95,1.5,08
198010,28,3,0,1980,10,AZ_West,198110,18.9,9.45,2.65,11
198106,9,19,2,1981,6,AZ_West,198106,24.4,5.15,0.45,02
198106,9,19,2,1981,6,AZ_West,198106,24.3,5.45,0.25,05
198106,9,19,2,1981,6,AZ_West,198206,22.85,6.95,0.2,11
198107,0,19,12,1981,7,AZ_West,198107,11.25,13.55,6.2,02
198107,0,19,12,1981,7,AZ_West,198107,9.45,14.5,7.05,05
198107,0,19,12,1981,7,AZ_West,198207,15.95,12,3.05,11
198108,2,15,14,1981,8,AZ_West,198108,2.9,13.7,14.4,02
198108,2,15,14,1981,8,AZ_West,198108,2.7,11.85,16.45,05
198108,2,15,14,1981,8,AZ_West,198108,11.7,13.3,5,08
198108,2,15,14,1981,8,AZ_West,198208,8.55,16.3,6.15,11
198109,4,20,6,1981,9,AZ_West,198109,5.15,13.1,11.75,05
198109,4,20,6,1981,9,AZ_West,198109,8.4,13.45,9.15,08
198109,4,20,6,1981,9,AZ_West,198209,8.6,12.55,8.85,11
198110,20,9,2,1981,10,AZ_West,198110,20.8,9.15,1.05,05
198110,20,9,2,1981,10,AZ_West,198110,21.45,8.3,1.25,08
198110,20,9,2,1981,10,AZ_West,198210,19.65,9.75,1.6,11
198206,17,13,0,1982,6,AZ_West,198206,22.65,6.45,0.9,02
198206,17,13,0,1982,6,AZ_West,198206,22.4,7.15,0.45,05
198206,17,13,0,1982,6,AZ_West,198306,19.85,9.5,0.65,11
198207,2,18,11,1982,7,AZ_West,198207,16.55,11.25,3.2,02
198207,2,18,11,1982,7,AZ_West,198207,11.65,13.05,6.3,05
198207,2,18,11,1982,7,AZ_West,198307,15.5,12.7,2.8,11
198208,0,6,25,1982,8,AZ_West,198208,8.1,14.05,8.85,02
198208,0,6,25,1982,8,AZ_West,198208,6.55,15.55,8.9,05
198208,0,6,25,1982,8,AZ_West,198208,9.25,14.5,6.25,08
198208,0,6,25,1982,8,AZ_West,198308,8.65,15.15,7.2,11
198209,1,18,11,1982,9,AZ_West,198209,10.45,13.55,6,05
198209,1,18,11,1982,9,AZ_West,198209,10.2,13.6,7.2,08
198209,1,18,11,1982,9,AZ_West,198309,9.25,14.65,6.1,11
198210,27,4,0,1982,10,AZ_West,198210,18.85,9.95,2.2,05
198210,27,4,0,1982,10,AZ_West,198210,18.6,10.45,1.95,08
198210,27,4,0,1982,10,AZ_West,198310,21.8,8,1.2,11
198306,13,17,0,1983,6,AZ_West,198306,18.75,10.85,0.4,02
198306,13,17,0,1983,6,AZ_West,198306,16.95,11.95,1.1,05
198306,13,17,0,1983,6,AZ_West,198406,19.85,9.65,0.5,11
198307,3,16,12,1983,7,AZ_West,198307,17.35,11.85,1.8,02
198307,3,16,12,1983,7,AZ_West,198307,18.3,10.15,2.55,05
198307,3,16,12,1983,7,AZ_West,198407,12.75,12.4,5.85,11
198308,0,6,25,1983,8,AZ_West,198308,9.85,15.25,5.9,02
198308,0,6,25,1983,8,AZ_West,198308,10.45,15.15,5.4,05
198308,0,6,25,1983,8,AZ_West,198308,2.05,10.85,17.1,08
198308,0,6,25,1983,8,AZ_West,198408,4.85,13.15,13,11
198309,0,10,20,1983,9,AZ_West,198309,10.25,14.25,5.5,05
198309,0,10,20,1983,9,AZ_West,198309,9.6,13.7,7.7,08
198309,0,10,20,1983,9,AZ_West,198409,8,13.7,8.3,11
198310,9,15,7,1983,10,AZ_West,198310,21.75,8.4,0.85,05
198310,9,15,7,1983,10,AZ_West,198310,19.9,9,2.1,08
198310,9,15,7,1983,10,AZ_West,198410,20.35,8.4,2.25,11
198406,14,12,4,1984,6,AZ_West,198406,23.75,5.85,0.4,02
198406,14,12,4,1984,6,AZ_West,198406,23.1,6.65,0.25,05
198406,14,12,4,1984,6,AZ_West,198506,23.15,6.65,0.2,11
198407,0,4,27,1984,7,AZ_West,198407,13.65,13.45,3.9,02
198407,0,4,27,1984,7,AZ_West,198407,8.65,16.15,6.2,05
198407,0,4,27,1984,7,AZ_West,198507,12.35,13.15,5.5,11
198408,0,3,28,1984,8,AZ_West,198408,4.2,13.85,12.95,02
198408,0,3,28,1984,8,AZ_West,198408,5.25,13.3,12.45,05
198408,0,3,28,1984,8,AZ_West,198408,3.85,15.15,11,08
198408,0,3,28,1984,8,AZ_West,198508,7,15,9,11
198409,2,16,12,1984,9,AZ_West,198409,9.05,12,8.95,05
198409,2,16,12,1984,9,AZ_West,198409,7.35,14.15,9.5,08
198409,2,16,12,1984,9,AZ_West,198509,5.1,13.5,11.4,11
198410,19,12,0,1984,10,AZ_West,198410,22.75,7.35,0.9,05
198410,19,12,0,1984,10,AZ_West,198410,21.2,7.8,2,08
198410,19,12,0,1984,10,AZ_West,198510,15.85,11.45,3.7,11
198506,22,8,0,1985,6,AZ_West,198506,23.45,6.25,0.3,02
198506,22,8,0,1985,6,AZ_West,198506,22.35,6.95,0.7,05
198506,22,8,0,1985,6,AZ_West,198606,21.25,8.65,0.1,11
198507,5,7,19,1985,7,AZ_West,198507,14.1,13.2,3.7,02
198507,5,7,19,1985,7,AZ_West,198507,8.25,18.75,4,05
198507,5,7,19,1985,7,AZ_West,198607,15.25,13,2.75,11
198508,5,24,2,1985,8,AZ_West,198508,8.15,12.75,10.1,02
198508,5,24,2,1985,8,AZ_West,198508,5.6,16.3,9.1,05
198508,5,24,2,1985,8,AZ_West,198508,10,14.7,5.3,08
198508,5,24,2,1985,8,AZ_West,198608,5.3,12.85,12.85,11
198509,6,22,2,1985,9,AZ_West,198509,6.95,14.1,8.95,05
198509,6,22,2,1985,9,AZ_West,198509,10.75,14.25,6,08
198509,6,22,2,1985,9,AZ_West,198609,7.85,11.8,10.35,11
198510,14,16,1,1985,10,AZ_West,198510,19,10.85,1.15,05
198510,14,16,1,1985,10,AZ_West,198510,20.95,8.65,1.4,08
198510,14,16,1,1985,10,AZ_West,198610,20.75,8.95,1.3,11
198606,16,13,1,1986,6,AZ_West,198606,22.05,7.65,0.3,02
198606,16,13,1,1986,6,AZ_West,198606,24.1,5.45,0.45,05
198606,16,13,1,1986,6,AZ_West,198706,19.45,10,0.55,11
198607,4,15,12,1986,7,AZ_West,198607,14.45,13.15,3.4,02
198607,4,15,12,1986,7,AZ_West,198607,8.5,16.55,5.95,05
198607,4,15,12,1986,7,AZ_West,198707,12.35,14.2,4.45,11
198608,1,6,24,1986,8,AZ_West,198608,5.95,15.1,9.95,02
198608,1,6,24,1986,8,AZ_West,198608,4.95,17.25,8.8,05
198608,1,6,24,1986,8,AZ_West,198608,16.5,11.5,2,08
198608,1,6,24,1986,8,AZ_West,198708,4.2,13.75,13.05,11
198609,12,17,1,1986,9,AZ_West,198609,6.7,13,10.3,05
198609,12,17,1,1986,9,AZ_West,198609,8.75,15.65,6.6,08
198609,12,17,1,1986,9,AZ_West,198709,6.7,12.7,10.6,11
198610,22,9,0,1986,10,AZ_West,198610,20.7,9.2,1.1,05
198610,22,9,0,1986,10,AZ_West,198610,20,10.1,0.9,08
198610,22,9,0,1986,10,AZ_West,198710,17.1,11.15,2.75,11
198706,15,12,3,1987,6,AZ_West,198706,21.85,7.85,0.3,02
198706,15,12,3,1987,6,AZ_West,198706,21.65,7.85,0.5,05
198706,15,12,3,1987,6,AZ_West,198806,21.8,7.7,0.5,11
198707,9,14,8,1987,7,AZ_West,198707,16,10.6,4.4,02
198707,9,14,8,1987,7,AZ_West,198707,15.3,13.7,2,05
198707,9,14,8,1987,7,AZ_West,198807,9.7,16.85,4.45,11
198708,4,10,17,1987,8,AZ_West,198708,7.7,11.8,11.5,02
198708,4,10,17,1987,8,AZ_West,198708,7.5,16.6,6.9,05
198708,4,10,17,1987,8,AZ_West,198708,6.15,17,6.85,08
198708,4,10,17,1987,8,AZ_West,198808,6.05,14.15,10.8,11
198709,14,16,0,1987,9,AZ_West,198709,7.6,13.1,9.3,05
198709,14,16,0,1987,9,AZ_West,198709,13.65,11.4,5.95,08
198709,14,16,0,1987,9,AZ_West,198809,6.75,12.2,11.05,11
198710,17,12,2,1987,10,AZ_West,198710,20.7,8.45,1.85,05
198710,17,12,2,1987,10,AZ_West,198710,20.5,8.9,1.6,08
198710,17,12,2,1987,10,AZ_West,198810,20.7,8.45,1.85,11
198806,14,5,11,1988,6,AZ_West,198806,21.9,7.95,0.15,02
198806,14,5,11,1988,6,AZ_West,198806,18.6,10.7,0.7,05
198806,14,5,11,1988,6,AZ_West,198906,23.15,5.6,1.25,11
198807,0,20,11,1988,7,AZ_West,198807,12.65,13.45,4.9,02
198807,0,20,11,1988,7,AZ_West,198807,10.4,15.85,4.75,05
198807,0,20,11,1988,7,AZ_West,198907,7.75,16.2,7.05,11
198808,1,12,18,1988,8,AZ_West,198808,4.7,13,13.3,02
198808,1,12,18,1988,8,AZ_West,198808,4.35,13.7,12.95,05
198808,1,12,18,1988,8,AZ_West,198808,4.05,10.9,15.05,08
198808,1,12,18,1988,8,AZ_West,198908,5.45,12.3,13.25,11
198809,16,13,1,1988,9,AZ_West,198809,7.6,11.85,10.55,05
198809,16,13,1,1988,9,AZ_West,198809,10.15,12.2,8.65,08
198809,16,13,1,1988,9,AZ_West,198909,6.1,12.7,11.2,11
198810,15,16,0,1988,10,AZ_West,198810,23.35,7,0.65,05
198810,15,16,0,1988,10,AZ_West,198810,23.1,7.3,0.6,08
198810,15,16,0,1988,10,AZ_West,198910,15.75,11.75,3.5,11
198906,21,9,0,1989,6,AZ_West,198906,24.75,4.85,0.4,02
198906,21,9,0,1989,6,AZ_West,198906,22.85,6.9,0.25,05
198906,21,9,0,1989,6,AZ_West,199006,19.4,10.35,0.25,11
198907,7,12,12,1989,7,AZ_West,198907,10.55,15.15,5.3,02
198907,7,12,12,1989,7,AZ_West,198907,9.45,16.75,4.8,05
198907,7,12,12,1989,7,AZ_West,199007,12.05,14.55,4.4,11
198908,4,16,11,1989,8,AZ_West,198908,5.05,14.55,11.4,02
198908,4,16,11,1989,8,AZ_West,198908,4.35,18.95,7.7,05
198908,4,16,11,1989,8,AZ_West,198908,5.5,17.15,7.35,08
198908,4,16,11,1989,8,AZ_West,199008,6.05,15.4,9.55,11
198909,11,18,1,1989,9,AZ_West,198909,6.55,15.65,7.8,05
198909,11,18,1,1989,9,AZ_West,198909,7.75,13.1,10.15,08
198909,11,18,1,1989,9,AZ_West,199009,6.8,13,10.2,11
198910,22,9,0,1989,10,AZ_West,198910,19.1,10.05,1.85,05
198910,22,9,0,1989,10,AZ_West,198910,23.3,6.4,1.3,08
198910,22,9,0,1989,10,AZ_West,199010,15.7,12.15,3.15,11
199006,25,3,2,1990,6,AZ_West,199006,21.3,8.15,0.55,02
199006,25,3,2,1990,6,AZ_West,199006,22.9,6.4,0.7,05
199006,25,3,2,1990,6,AZ_West,199106,22.8,6.95,0.25,11
199007,3,7,21,1990,7,AZ_West,199007,12.5,12.45,6.05,02
199007,3,7,21,1990,7,AZ_West,199007,8.4,16.4,6.2,05
199007,3,7,21,1990,7,AZ_West,199107,11.7,15.8,3.5,11
199008,2,21,8,1990,8,AZ_West,199008,4.1,15.65,11.25,02
199008,2,21,8,1990,8,AZ_West,199008,5.8,15.6,9.6,05
199008,2,21,8,1990,8,AZ_West,199008,7.9,17.3,4.8,08
199008,2,21,8,1990,8,AZ_West,199108,7.15,15.5,8.35,11
199009,2,17,11,1990,9,AZ_West,199009,8.75,12.9,8.35,05
199009,2,17,11,1990,9,AZ_West,199009,9.25,13.75,8,08
199009,2,17,11,1990,9,AZ_West,199109,9.8,13,7.2,11
199010,23,8,0,1990,10,AZ_West,199010,20.25,8.6,2.15,05
199010,23,8,0,1990,10,AZ_West,199010,18.75,10.2,2.05,08
199010,23,8,0,1990,10,AZ_West,199110,22.1,8.15,0.75,11
199106,18,12,0,1991,6,AZ_West,199106,24.6,5.2,0.2,02
199106,18,12,0,1991,6,AZ_West,199106,20.95,8.6,0.45,05
199106,18,12,0,1991,6,AZ_West,199206,17.95,11.6,0.45,11
199107,1,25,5,1991,7,AZ_West,199107,14.55,13.7,2.75,02
199107,1,25,5,1991,7,AZ_West,199107,10.3,15.7,5,05
199107,1,25,5,1991,7,AZ_West,199207,14.85,13.3,2.85,11
199108,0,16,15,1991,8,AZ_West,199108,5.7,17,8.3,02
199108,0,16,15,1991,8,AZ_West,199108,6.45,15.55,9,05
199108,0,16,15,1991,8,AZ_West,199108,6.8,17.1,6.1,08
199108,0,16,15,1991,8,AZ_West,199208,6.55,14.75,9.7,11
199109,3,19,8,1991,9,AZ_West,199109,9.15,14,6.85,05
199109,3,19,8,1991,9,AZ_West,199109,8.35,13.3,9.35,08
199109,3,19,8,1991,9,AZ_West,199209,9,11.7,9.3,11
199110,27,4,0,1991,10,AZ_West,199110,21.5,8.3,1.2,05
199110,27,4,0,1991,10,AZ_West,199110,18.45,10.3,2.25,08
199110,27,4,0,1991,10,AZ_West,199210,19.25,8.6,3.15,11
199206,15,15,0,1992,6,AZ_West,199206,19.9,9.5,0.6,02
199206,15,15,0,1992,6,AZ_West,199206,18.3,10.35,1.35,05
199206,15,15,0,1992,6,AZ_West,199306,19.35,9.95,0.7,11
199207,4,18,9,1992,7,AZ_West,199207,17.6,10.5,2.9,02
199207,4,18,9,1992,7,AZ_West,199207,12.3,13.3,5.4,05
199207,4,18,9,1992,7,AZ_West,199307,10.7,14.9,5.4,11
199208,2,10,19,1992,8,AZ_West,199208,7.4,14.35,9.25,02
199208,2,10,19,1992,8,AZ_West,199208,4.8,16.65,9.55,05
199208,2,10,19,1992,8,AZ_West,199208,4.5,18.25,7.25,08
199208,2,10,19,1992,8,AZ_West,199308,2.15,15.25,13.6,11
199209,12,16,2,1992,9,AZ_West,199209,6,14.9,9.1,05
199209,12,16,2,1992,9,AZ_West,199209,9.3,14.95,6.75,08
199209,12,16,2,1992,9,AZ_West,199309,4.4,13.35,12.25,11
199210,20,10,1,1992,10,AZ_West,199210,18.1,11.15,1.75,05
199210,20,10,1,1992,10,AZ_West,199210,16.85,11,3.15,08
199210,20,10,1,1992,10,AZ_West,199310,17.75,10.15,3.1,11
199306,25,5,0,1993,6,AZ_West,199306,19.9,9.45,0.65,02
199306,25,5,0,1993,6,AZ_West,199306,17,12.05,0.95,05
199306,25,5,0,1993,6,AZ_West,199406,19.25,10.05,0.7,11
199307,6,25,0,1993,7,AZ_West,199307,12.95,13.75,4.3,02
199307,6,25,0,1993,7,AZ_West,199307,12.2,14.2,4.6,05
199307,6,25,0,1993,7,AZ_West,199407,10.45,15.8,4.75,11
199308,0,18,13,1993,8,AZ_West,199308,4.05,13.5,13.45,02
199308,0,18,13,1993,8,AZ_West,199308,5.35,14.4,11.25,05
199308,0,18,13,1993,8,AZ_West,199308,9,17.8,3.2,08
199308,0,18,13,1993,8,AZ_West,199408,5.45,15.3,10.25,11
199309,17,12,1,1993,9,AZ_West,199309,7.2,13.3,9.5,05
199309,17,12,1,1993,9,AZ_West,199309,11.8,11.65,7.55,08
199309,17,12,1,1993,9,AZ_West,199409,6.2,15.35,8.45,11
199310,18,13,0,1993,10,AZ_West,199310,19.45,9.55,2,05
199310,18,13,0,1993,10,AZ_West,199310,20.1,9.35,1.55,08
199310,18,13,0,1993,10,AZ_West,199410,20.35,9.3,1.35,11
199406,25,5,0,1994,6,AZ_West,199406,21.75,7.85,0.4,02
199406,25,5,0,1994,6,AZ_West,199406,19.2,10.5,0.3,05
199406,25,5,0,1994,6,AZ_West,199506,20.85,8.95,0.2,11
199407,14,14,3,1994,7,AZ_West,199407,9.2,17.2,4.6,02
199407,14,14,3,1994,7,AZ_West,199407,10.85,14.9,5.25,05
199407,14,14,3,1994,7,AZ_West,199507,10.6,14.9,5.5,11
199408,1,17,13,1994,8,AZ_West,199408,5.15,16.1,9.75,02
199408,1,17,13,1994,8,AZ_West,199408,4.05,16.6,10.35,05
199408,1,17,13,1994,8,AZ_West,199408,8.2,16.05,5.75,08
199408,1,17,13,1994,8,AZ_West,199508,4.5,14.4,12.1,11
199409,9,21,0,1994,9,AZ_West,199409,5.9,14.05,10.05,05
199409,9,21,0,1994,9,AZ_West,199409,11.95,12.95,6.1,08
199409,9,21,0,1994,9,AZ_West,199509,6.05,12.25,11.7,11
199410,23,8,0,1994,10,AZ_West,199410,19.25,8.55,3.2,05
199410,23,8,0,1994,10,AZ_West,199410,22.6,7.15,1.25,08
199410,23,8,0,1994,10,AZ_West,199510,19.05,9.7,2.25,11
199506,20,10,0,1995,6,AZ_West,199506,22.05,7.65,0.3,02
199506,20,10,0,1995,6,AZ_West,199506,20.6,9,0.4,05
199506,20,10,0,1995,6,AZ_West,199606,19.05,10.45,0.5,11
199507,13,17,1,1995,7,AZ_West,199507,13,14.65,3.35,02
199507,13,17,1,1995,7,AZ_West,199507,13.9,13.2,3.9,05
199507,13,17,1,1995,7,AZ_West,199607,10.6,16.2,4.2,11
199508,4,16,11,1995,8,AZ_West,199508,4.05,13.65,13.3,02
199508,4,16,11,1995,8,AZ_West,199508,5.2,12.95,12.85,05
199508,4,16,11,1995,8,AZ_West,199508,3.05,14.75,12.2,08
199508,4,16,11,1995,8,AZ_West,199608,6.05,16.05,8.9,11
199509,9,14,7,1995,9,AZ_West,199509,5.45,11.1,13.45,05
199509,9,14,7,1995,9,AZ_West,199509,8.55,15.05,7.4,08
199509,9,14,7,1995,9,AZ_West,199609,5.95,13.85,10.2,11
199510,30,1,0,1995,10,AZ_West,199510,19.4,9.35,2.25,05
199510,30,1,0,1995,10,AZ_West,199510,20.3,8.8,1.9,08
199510,30,1,0,1995,10,AZ_West,199610,20.8,8,2.2,11
199606,24,6,0,1996,6,AZ_West,199606,24.5,5.25,0.25,02
199606,24,6,0,1996,6,AZ_West,199606,23.75,6,0.25,05
199606,24,6,0,1996,6,AZ_West,199706,24.2,5.75,0.05,11
199607,4,13,14,1996,7,AZ_West,199607,12.65,13.55,4.8,02
199607,4,13,14,1996,7,AZ_West,199607,12.65,14.95,3.4,05
199607,4,13,14,1996,7,AZ_West,199707,8,14.9,8.1,11
199608,2,24,5,1996,8,AZ_West,199608,4.2,12.75,14.05,02
199608,2,24,5,1996,8,AZ_West,199608,3,15.15,12.85,05
199608,2,24,5,1996,8,AZ_West,199608,6.85,13,10.15,08
199608,2,24,5,1996,8,AZ_West,199708,3.15,15.75,12.1,11
199609,4,21,5,1996,9,AZ_West,199609,7.65,12.45,9.9,05
199609,4,21,5,1996,9,AZ_West,199609,11.8,14.3,4.9,08
199609,4,21,5,1996,9,AZ_West,199709,8.45,12.1,9.45,11
199610,27,4,0,1996,10,AZ_West,199610,20.7,8.75,1.55,05
199610,27,4,0,1996,10,AZ_West,199610,20.9,8.7,1.4,08
199610,27,4,0,1996,10,AZ_West,199710,19.95,9.2,1.85,11
199706,15,15,0,1997,6,AZ_West,199706,22,7.6,0.4,02
199706,15,15,0,1997,6,AZ_West,199706,22,7.6,0.4,05
199706,15,15,0,1997,6,AZ_West,199806,19.3,10,0.7,11
199707,16,9,6,1997,7,AZ_West,199707,10.2,14.9,5.9,02
199707,16,9,6,1997,7,AZ_West,199707,11.85,13.65,5.5,05
199707,16,9,6,1997,7,AZ_West,199807,13.2,14.65,3.15,11
199708,0,16,15,1997,8,AZ_West,199708,6,16.15,8.85,02
199708,0,16,15,1997,8,AZ_West,199708,6.35,14.2,10.45,05
199708,0,16,15,1997,8,AZ_West,199708,3.25,17.75,9,08
199708,0,16,15,1997,8,AZ_West,199808,6.1,12.5,12.4,11
199709,0,10,20,1997,9,AZ_West,199709,6.05,14.3,9.65,05
199709,0,10,20,1997,9,AZ_West,199709,8.95,14.4,7.65,08
199709,0,10,20,1997,9,AZ_West,199809,10.75,12.7,6.55,11
199710,24,5,2,1997,10,AZ_West,199710,17.15,11.3,2.55,05
199710,24,5,2,1997,10,AZ_West,199710,19.4,8.65,2.95,08
199710,24,5,2,1997,10,AZ_West,199810,22.8,6.65,1.55,11
199806,21,9,0,1998,6,AZ_West,199806,21,8.75,0.25,02
199806,21,9,0,1998,6,AZ_West,199806,15.25,13.7,1.05,05
199806,21,9,0,1998,6,AZ_West,199906,22,7.35,0.65,11
199807,7,9,15,1998,7,AZ_West,199807,10.8,13.05,7.15,02
199807,7,9,15,1998,7,AZ_West,199807,11.8,14.25,4.95,05
199807,7,9,15,1998,7,AZ_West,199907,11.85,13.85,5.3,11
199808,0,22,9,1998,8,AZ_West,199808,5.05,12.5,13.45,02
199808,0,22,9,1998,8,AZ_West,199808,4.8,13.65,12.55,05
199808,0,22,9,1998,8,AZ_West,199808,2.6,17.75,9.65,08
199808,0,22,9,1998,8,AZ_West,199908,6.8,13.7,10.5,11
199809,2,15,13,1998,9,AZ_West,199809,7.5,10.15,12.35,05
199809,2,15,13,1998,9,AZ_West,199809,5.65,15.6,9.75,08
199809,2,15,13,1998,9,AZ_West,199909,6.5,13.45,10.05,11
199810,23,8,0,1998,10,AZ_West,199810,20.15,9.05,1.8,05
199810,23,8,0,1998,10,AZ_West,199810,20.55,8.4,2.05,08
199810,23,8,0,1998,10,AZ_West,199910,18.8,9.4,2.8,11
199906,19,11,0,1999,6,AZ_West,199906,19.65,9.1,1.25,02
199906,19,11,0,1999,6,AZ_West,199906,22.05,7.65,0.3,05
199906,19,11,0,1999,6,AZ_West,200006,22,7.65,0.35,11
199907,0,16,15,1999,7,AZ_West,199907,12.95,12.9,5.15,02
199907,0,16,15,1999,7,AZ_West,199907,9.05,15.85,6.1,05
199907,0,16,15,1999,7,AZ_West,200007,12.65,15.6,2.75,11
199908,2,18,11,1999,8,AZ_West,199908,4.2,13.85,12.95,02
199908,2,18,11,1999,8,AZ_West,199908,5.35,15.1,10.55,05
199908,2,18,11,1999,8,AZ_West,199908,3.55,18.5,7.95,08
199908,2,18,11,1999,8,AZ_West,200008,7.55,15.55,7.9,11
199909,10,17,3,1999,9,AZ_West,199909,8.45,13.2,8.35,05
199909,10,17,3,1999,9,AZ_West,199909,8.85,12,10.15,08
199909,10,17,3,1999,9,AZ_West,200009,8.75,13.25,8,11
199910,31,0,0,1999,10,AZ_West,199910,22.7,7.5,0.8,05
199910,31,0,0,1999,10,AZ_West,199910,24.45,5.75,0.8,08
199910,31,0,0,1999,10,AZ_West,200010,18.65,10.25,2.1,11
200006,17,13,0,2000,6,AZ_West,200006,24.75,5.05,0.2,02
200006,17,13,0,2000,6,AZ_West,200006,21.55,7.65,0.8,05
200006,17,13,0,2000,6,AZ_West,200106,20.4,8.8,0.8,11
200007,14,17,0,2000,7,AZ_West,200007,12.8,12.6,5.6,02
200007,14,17,0,2000,7,AZ_West,200007,7.4,16.9,6.7,05
200007,14,17,0,2000,7,AZ_West,200107,10.3,15.75,4.95,11
200008,1,17,13,2000,8,AZ_West,200008,5.7,15.1,10.2,02
200008,1,17,13,2000,8,AZ_West,200008,5.9,14.35,10.75,05
200008,1,17,13,2000,8,AZ_West,200008,4.95,16.85,8.2,08
200008,1,17,13,2000,8,AZ_West,200108,4.45,16.7,9.85,11
200009,13,17,0,2000,9,AZ_West,200009,8.4,12.65,8.95,05
200009,13,17,0,2000,9,AZ_West,200009,13.25,12.5,5.25,08
200009,13,17,0,2000,9,AZ_West,200109,7.15,14.15,8.7,11
200010,11,20,0,2000,10,AZ_West,200010,23.1,6.45,1.45,05
200010,11,20,0,2000,10,AZ_West,200010,23.25,6.45,1.3,08
200010,11,20,0,2000,10,AZ_West,200110,16,11.15,3.85,11
200106,23,7,0,2001,6,AZ_West,200106,21.7,7.55,0.75,02
200106,23,7,0,2001,6,AZ_West,200106,20.95,8.25,0.8,05
200106,23,7,0,2001,6,AZ_West,200206,23.2,6.55,0.25,11
200107,5,19,7,2001,7,AZ_West,200107,8,16.25,6.75,02
200107,5,19,7,2001,7,AZ_West,200107,7.9,16.65,6.45,05
200107,5,19,7,2001,7,AZ_West,200207,11.15,16.4,3.45,11
200108,6,14,11,2001,8,AZ_West,200108,2.35,14.75,13.9,02
200108,6,14,11,2001,8,AZ_West,200108,5.35,14,11.65,05
200108,6,14,11,2001,8,AZ_West,200108,4.35,16.1,9.55,08
200108,6,14,11,2001,8,AZ_West,200208,5.45,16.75,8.8,11
200109,17,10,3,2001,9,AZ_West,200109,6.95,13.45,9.6,05
200109,17,10,3,2001,9,AZ_West,200109,9.65,13.3,8.05,08
200109,17,10,3,2001,9,AZ_West,200209,5.05,12.1,12.85,11
200110,22,9,0,2001,10,AZ_West,200110,19.75,9.9,1.35,05
200110,22,9,0,2001,10,AZ_West,200110,20.75,9.05,1.2,08
200110,22,9,0,2001,10,AZ_West,200210,18.9,9.65,2.45,11
200206,30,0,0,2002,6,AZ_West,200206,20.25,9.5,0.25,02
200206,30,0,0,2002,6,AZ_West,200206,23.85,5.9,0.25,05
200206,30,0,0,2002,6,AZ_West,200306,18.6,11,0.4,11
200207,6,17,8,2002,7,AZ_West,200207,13.5,12.55,4.95,02
200207,6,17,8,2002,7,AZ_West,200207,11.4,13.8,5.8,05
200207,6,17,8,2002,7,AZ_West,200307,14.1,13.15,3.75,11
200208,16,15,0,2002,8,AZ_West,200208,7.55,15,8.45,02
200208,16,15,0,2002,8,AZ_West,200208,5.85,16.7,8.45,05
200208,16,15,0,2002,8,AZ_West,200208,6.7,18.75,4.55,08
200208,16,15,0,2002,8,AZ_West,200308,4.5,15.05,11.45,11
200209,8,15,7,2002,9,AZ_West,200209,8.45,12.95,8.6,05
200209,8,15,7,2002,9,AZ_West,200209,10.6,14.75,5.65,08
200209,8,15,7,2002,9,AZ_West,200309,5.35,14.3,10.35,11
200210,29,2,0,2002,10,AZ_West,200210,20.2,8.6,2.2,05
200210,29,2,0,2002,10,AZ_West,200210,21.5,8.3,1.2,08
200210,29,2,0,2002,10,AZ_West,200310,20.5,8.65,1.85,11
200306,27,3,0,2003,6,AZ_West,200306,21.85,8.15,0,02
200306,27,3,0,2003,6,AZ_West,200306,20.8,8.25,0.95,05
200306,27,3,0,2003,6,AZ_West,200406,23.55,6.2,0.25,11
200307,15,3,13,2003,7,AZ_West,200307,12.1,13.6,5.3,02
200307,15,3,13,2003,7,AZ_West,200307,9.1,15,6.9,05
200307,15,3,13,2003,7,AZ_West,200407,13.8,12.9,4.3,11
200308,0,14,17,2003,8,AZ_West,200308,5.7,13.9,11.4,02
200308,0,14,17,2003,8,AZ_West,200308,3.15,14.3,13.55,05
200308,0,14,17,2003,8,AZ_West,200308,4,14.15,11.85,08
200308,0,14,17,2003,8,AZ_West,200408,3.75,14.3,12.95,11
200309,15,9,6,2003,9,AZ_West,200309,7.3,12.3,10.4,05
200309,15,9,6,2003,9,AZ_West,200309,9.6,14.15,7.25,08
200309,15,9,6,2003,9,AZ_West,200409,7.5,12.5,10,11
200310,20,11,0,2003,10,AZ_West,200310,20.4,8.95,1.65,05
200310,20,11,0,2003,10,AZ_West,200310,19.25,9.25,2.5,08
200310,20,11,0,2003,10,AZ_West,200410,17.85,10.15,3,11
200406,27,3,0,2004,6,AZ_West,200406,24.2,5.55,0.25,02
200406,27,3,0,2004,6,AZ_West,200406,20.65,7.65,1.7,05
200406,27,3,0,2004,6,AZ_West,200506,20.75,8.8,0.45,11
200407,12,12,7,2004,7,AZ_West,200407,12.85,11.95,6.2,02
200407,12,12,7,2004,7,AZ_West,200407,8.5,17,5.5,05
200407,12,12,7,2004,7,AZ_West,200507,12.5,15.05,3.45,11
200408,6,19,6,2004,8,AZ_West,200408,3.65,13.95,13.4,02
200408,6,19,6,2004,8,AZ_West,200408,3.2,14.55,13.25,05
200408,6,19,6,2004,8,AZ_West,200408,14.55,14.6,0.85,08
200408,6,19,6,2004,8,AZ_West,200508,6.3,16.25,8.45,11
200409,15,15,0,2004,9,AZ_West,200409,5.1,13.35,11.55,05
200409,15,15,0,2004,9,AZ_West,200409,12.3,13.5,5.2,08
200409,15,15,0,2004,9,AZ_West,200509,5.55,12.95,11.5,11
200410,21,10,0,2004,10,AZ_West,200410,21.25,8.2,1.55,05
200410,21,10,0,2004,10,AZ_West,200410,18.65,9.8,2.55,08
200410,21,10,0,2004,10,AZ_West,200510,16.5,11.45,3.05,11
200506,24,6,0,2005,6,AZ_West,200506,20.75,8.9,0.35,02
200506,24,6,0,2005,6,AZ_West,200506,19.75,9.4,0.85,05
200506,24,6,0,2005,6,AZ_West,200606,22.2,7.2,0.6,11
200507,15,8,8,2005,7,AZ_West,200507,12.4,13.75,4.85,02
200507,15,8,8,2005,7,AZ_West,200507,6.7,14.8,9.5,05
200507,15,8,8,2005,7,AZ_West,200607,12.2,15.7,3.1,11
200508,4,10,17,2005,8,AZ_West,200508,3.4,13.25,14.35,02
200508,4,10,17,2005,8,AZ_West,200508,4.5,13.25,13.25,05
200508,4,10,17,2005,8,AZ_West,200508,1.8,10.15,18.05,08
200508,4,10,17,2005,8,AZ_West,200608,6,15.6,9.4,11
200509,14,16,0,2005,9,AZ_West,200509,5.8,11.75,12.45,05
200509,14,16,0,2005,9,AZ_West,200509,8.15,10.75,12.1,08
200509,14,16,0,2005,9,AZ_West,200609,4.6,12.65,12.75,11
200510,13,18,0,2005,10,AZ_West,200510,19.8,9.45,1.75,05
200510,13,18,0,2005,10,AZ_West,200510,20.65,8,2.35,08
200510,13,18,0,2005,10,AZ_West,200610,17.4,11.3,2.3,11
200606,22,7,1,2006,6,AZ_West,200606,24.75,4.75,0.5,02
200606,22,7,1,2006,6,AZ_West,200606,22.55,6.95,0.5,05
200606,22,7,1,2006,6,AZ_West,200706,20.8,8.75,0.45,11
200607,0,10,21,2006,7,AZ_West,200607,9.5,15.35,6.15,02
200607,0,10,21,2006,7,AZ_West,200607,10.75,14.4,5.85,05
200607,0,10,21,2006,7,AZ_West,200707,10.9,14.1,6,11
200608,2,23,6,2006,8,AZ_West,200608,5,14.4,11.6,02
200608,2,23,6,2006,8,AZ_West,200608,4.5,13.6,12.9,05
200608,2,23,6,2006,8,AZ_West,200608,7.95,16.65,5.4,08
200608,2,23,6,2006,8,AZ_West,200708,4.5,14.8,11.7,11
200609,15,10,5,2006,9,AZ_West,200609,7.05,14.25,8.7,05
200609,15,10,5,2006,9,AZ_West,200609,8.25,14.45,8.3,08
200609,15,10,5,2006,9,AZ_West,200709,6.3,14,9.7,11
200610,17,13,1,2006,10,AZ_West,200610,20.9,8.2,1.9,05
200610,17,13,1,2006,10,AZ_West,200610,23.1,6.4,1.5,08
200610,17,13,1,2006,10,AZ_West,200710,18.35,9.45,3.2,11
200706,29,1,0,2007,6,AZ_West,200706,21.9,7.9,0.2,02
200706,29,1,0,2007,6,AZ_West,200706,23.5,5.9,0.6,05
200706,29,1,0,2007,6,AZ_West,200806,22.15,6.95,0.9,11
200707,5,15,11,2007,7,AZ_West,200707,14.5,12.45,4.05,02
200707,5,15,11,2007,7,AZ_West,200707,11.45,15.6,3.95,05
200707,5,15,11,2007,7,AZ_West,200807,8.75,16.45,5.8,11
200708,0,15,16,2007,8,AZ_West,200708,3.95,12.5,14.55,02
200708,0,15,16,2007,8,AZ_West,200708,6.05,16.65,8.3,05
200708,0,15,16,2007,8,AZ_West,200708,3.85,11.45,14.7,08
200708,0,15,16,2007,8,AZ_West,200808,3.6,12.6,14.8,11
200709,11,14,5,2007,9,AZ_West,200709,9.3,11.05,9.65,05
200709,11,14,5,2007,9,AZ_West,200709,10.05,12.75,8.2,08
200709,11,14,5,2007,9,AZ_West,200809,8,13.65,8.35,11
200710,26,5,0,2007,10,AZ_West,200710,22.15,7.55,1.3,05
200710,26,5,0,2007,10,AZ_West,200710,23.45,6.6,0.95,08
200710,26,5,0,2007,10,AZ_West,200810,19.4,9.45,2.15,11
200806,29,1,0,2008,6,AZ_West,200806,21.75,7.2,1.05,02
200806,29,1,0,2008,6,AZ_West,200806,24.7,5.05,0.25,05
200806,29,1,0,2008,6,AZ_West,200906,20.5,8.75,0.75,11
200807,0,19,12,2008,7,AZ_West,200807,8.65,17.35,5,02
200807,0,19,12,2008,7,AZ_West,200807,8.15,16.75,6.1,05
200807,0,19,12,2008,7,AZ_West,200907,10.4,16.95,3.65,11
200808,0,18,13,2008,8,AZ_West,200808,5.85,12.2,12.95,02
200808,0,18,13,2008,8,AZ_West,200808,3.55,17.25,10.2,05
200808,0,18,13,2008,8,AZ_West,200808,7.1,18.75,4.15,08
200808,0,18,13,2008,8,AZ_West,200908,3.3,13.95,13.75,11
200809,14,15,1,2008,9,AZ_West,200809,7,11.6,11.4,05
200809,14,15,1,2008,9,AZ_West,200809,8.7,15.95,6.35,08
200809,14,15,1,2008,9,AZ_West,200909,8.1,11.65,10.25,11
200810,27,4,0,2008,10,AZ_West,200810,19.1,9.75,2.15,05
200810,27,4,0,2008,10,AZ_West,200810,23.35,6.25,1.4,08
200810,27,4,0,2008,10,AZ_West,200910,17.9,10.95,2.15,11
200906,8,22,0,2009,6,AZ_West,200906,21.25,7.65,1.1,02
200906,8,22,0,2009,6,AZ_West,200906,20.55,8.8,0.65,05
200906,8,22,0,2009,6,AZ_West,201006,21.4,7.75,0.85,11
200907,7,16,8,2009,7,AZ_West,200907,10,14.05,6.95,02
200907,7,16,8,2009,7,AZ_West,200907,6.5,16.25,8.25,05
200907,7,16,8,2009,7,AZ_West,201007,10.55,16.2,4.25,11
200908,14,15,2,2009,8,AZ_West,200908,7.7,13.9,9.4,02
200908,14,15,2,2009,8,AZ_West,200908,3.25,14.65,13.1,05
200908,14,15,2,2009,8,AZ_West,200908,13.4,14.6,2,08
200908,14,15,2,2009,8,AZ_West,201008,5.45,13.3,12.25,11
200909,10,18,2,2009,9,AZ_West,200909,4.9,14.9,10.2,05
200909,10,18,2,2009,9,AZ_West,200909,11.4,13.2,6.4,08
200909,10,18,2,2009,9,AZ_West,201009,7.15,12.2,10.65,11
200910,23,8,0,2009,10,AZ_West,200910,18.95,8.35,3.7,05
200910,23,8,0,2009,10,AZ_West,200910,19.1,10.15,1.75,08
200910,23,8,0,2009,10,AZ_West,201010,17.7,10.75,2.55,11
201006,17,13,0,2010,6,AZ_West,201006,20.25,8.7,1.05,02
201006,17,13,0,2010,6,AZ_West,201006,22.65,6.75,0.6,05
201006,17,13,0,2010,6,AZ_West,201106,25.2,4.65,0.15,11
201007,6,16,9,2010,7,AZ_West,201007,11.9,13.75,5.35,02
201007,6,16,9,2010,7,AZ_West,201007,12.4,13.75,4.85,05
201007,6,16,9,2010,7,AZ_West,201107,10.45,16.15,4.4,11
201008,1,19,11,2010,8,AZ_West,201008,6.1,14.1,10.8,02
201008,1,19,11,2010,8,AZ_West,201008,5.3,14,11.7,05
201008,1,19,11,2010,8,AZ_West,201008,5.25,11.55,13.2,08
201008,1,19,11,2010,8,AZ_West,201108,7.9,13.15,9.95,11
201009,21,9,0,2010,9,AZ_West,201009,9.3,12.55,8.15,05
201009,21,9,0,2010,9,AZ_West,201009,9,12.8,9.2,08
201009,21,9,0,2010,9,AZ_West,201109,6.65,11.1,12.25,11
201010,10,20,1,2010,10,AZ_West,201010,24.45,5.75,0.8,05
201010,10,20,1,2010,10,AZ_West,201010,26.25,3.95,0.8,08
201010,10,20,1,2010,10,AZ_West,201110,18.35,10.05,2.6,11
201106,27,3,0,2011,6,AZ_West,201106,24.75,4.5,0.75,02
201106,27,3,0,2011,6,AZ_West,201106,24.65,5.15,0.2,05
201106,27,3,0,2011,6,AZ_West,201206,21.7,7.75,0.55,11
201107,6,10,15,2011,7,AZ_West,201107,12.25,12.75,6,02
201107,6,10,15,2011,7,AZ_West,201107,11.95,14.5,4.55,05
201107,6,10,15,2011,7,AZ_West,201207,13.95,13.85,3.2,11
201108,3,20,8,2011,8,AZ_West,201108,3,12.1,15.9,02
201108,3,20,8,2011,8,AZ_West,201108,3.5,16.15,11.35,05
201108,3,20,8,2011,8,AZ_West,201108,7.85,13.45,8.7,08
201108,3,20,8,2011,8,AZ_West,201208,6,14.3,10.7,11
201109,14,11,5,2011,9,AZ_West,201109,8.15,13.5,8.35,05
201109,14,11,5,2011,9,AZ_West,201109,10.05,12.25,8.7,08
201109,14,11,5,2011,9,AZ_West,201209,7.2,12.15,10.65,11
201110,24,6,1,2011,10,AZ_West,201110,21.75,8.2,1.05,05
201110,24,6,1,2011,10,AZ_West,201110,23.75,6.6,0.65,08
201110,24,6,1,2011,10,AZ_West,201210,17.9,11,2.1,11
201206,30,0,0,2012,6,AZ_West,201206,22.8,6.6,0.6,02
201206,30,0,0,2012,6,AZ_West,201206,25.7,4.1,0.2,05
201206,30,0,0,2012,6,AZ_West,201306,21.4,8.4,0.2,11
201207,2,17,12,2012,7,AZ_West,201207,11.7,14.25,5.05,02
201207,2,17,12,2012,7,AZ_West,201207,9.45,16.1,5.45,05
201207,2,17,12,2012,7,AZ_West,201307,10.5,16.25,4.25,11
201208,0,11,20,2012,8,AZ_West,201208,4.95,13,13.05,02
201208,0,11,20,2012,8,AZ_West,201208,5.95,15.75,9.3,05
201208,0,11,20,2012,8,AZ_West,201208,6.55,15.65,7.8,08
201208,0,11,20,2012,8,AZ_West,201308,7.15,14.15,9.7,11
201209,10,14,6,2012,9,AZ_West,201209,6.8,13.75,9.45,05
201209,10,14,6,2012,9,AZ_West,201209,11.15,13.35,6.5,08
201209,10,14,6,2012,9,AZ_West,201309,8.15,13.9,7.95,11
201210,23,8,0,2012,10,AZ_West,201210,22.35,7.5,1.15,05
201210,23,8,0,2012,10,AZ_West,201210,21.5,7.95,1.55,08
201210,23,8,0,2012,10,AZ_West,201310,17.15,11.35,2.5,11
201306,24,6,0,2013,6,AZ_West,201306,24.15,5.7,0.15,02
201306,24,6,0,2013,6,AZ_West,201306,22.85,6.65,0.5,05
201306,24,6,0,2013,6,AZ_West,201406,22,7.75,0.25,11
201307,0,12,19,2013,7,AZ_West,201307,8.2,17,5.8,02
201307,0,12,19,2013,7,AZ_West,201307,10.85,14.9,5.25,05
201307,0,12,19,2013,7,AZ_West,201407,10.1,15.9,5,11
201308,4,13,14,2013,8,AZ_West,201308,7.1,13.7,10.2,02
201308,4,13,14,2013,8,AZ_West,201308,6.75,11.75,12.5,05
201308,4,13,14,2013,8,AZ_West,201308,12.9,14,3.1,08
201308,4,13,14,2013,8,AZ_West,201408,6.65,16.65,7.7,11
201309,10,4,16,2013,9,AZ_West,201309,8.1,13.3,8.6,05
201309,10,4,16,2013,9,AZ_West,201309,10.05,12.7,8.25,08
201309,10,4,16,2013,9,AZ_West,201409,5.95,13.3,10.75,11
201310,31,0,0,2013,10,AZ_West,201310,19.2,10,1.8,05
201310,31,0,0,2013,10,AZ_West,201310,21.1,8.05,1.85,08
201310,31,0,0,2013,10,AZ_West,201410,17.7,9.8,3.5,11
201406,27,3,0,2014,6,AZ_West,201406,20.4,8.25,1.35,02
201406,27,3,0,2014,6,AZ_West,201406,20.15,9.2,0.65,05
201406,27,3,0,2014,6,AZ_West,201506,19,10.6,0.4,11
201407,2,12,17,2014,7,AZ_West,201407,12.15,15.5,3.35,02
201407,2,12,17,2014,7,AZ_West,201407,9.05,16.1,5.85,05
201407,2,12,17,2014,7,AZ_West,201507,10.1,13.6,7.3,11
201408,0,13,18,2014,8,AZ_West,201408,3.95,15.45,11.6,02
201408,0,13,18,2014,8,AZ_West,201408,2.5,13.5,15,05
201408,0,13,18,2014,8,AZ_West,201408,2.5,16.4,11.1,08
201408,0,13,18,2014,8,AZ_West,201508,4.1,15.4,11.5,11
201409,4,14,12,2014,9,AZ_West,201409,6.7,12,11.3,05
201409,4,14,12,2014,9,AZ_West,201409,7.8,14.2,9,08
201409,4,14,12,2014,9,AZ_West,201509,5.25,13.75,11,11
201410,21,10,0,2014,10,AZ_West,201410,19.2,9.9,1.9,05
201410,21,10,0,2014,10,AZ_West,201410,18,9.7,3.3,08
201410,21,10,0,2014,10,AZ_West,201510,14.9,12.65,3.45,11
201506,14,12,4,2015,6,AZ_West,201506,17.1,11.35,1.55,02
201506,14,12,4,2015,6,AZ_West,201506,16.6,12.1,1.3,05
201506,14,12,4,2015,6,AZ_West,201606,17.2,11.35,1.45,11
201507,3,12,16,2015,7,AZ_West,201507,11.15,15.65,4.2,02
201507,3,12,16,2015,7,AZ_West,201507,7,16.45,7.55,05
201507,3,12,16,2015,7,AZ_West,201607,9.8,16.6,4.6,11
201508,0,21,10,2015,8,AZ_West,201508,3.95,15.05,12,02
201508,0,21,10,2015,8,AZ_West,201508,4.15,12.5,14.35,05
201508,0,21,10,2015,8,AZ_West,201508,14.25,12,3.75,08
201508,0,21,10,2015,8,AZ_West,201608,2.75,11.6,16.65,11
201509,0,27,3,2015,9,AZ_West,201509,5.25,13.65,11.1,05
201509,0,27,3,2015,9,AZ_West,201509,8.35,16.35,6.3,08
201509,0,27,3,2015,9,AZ_West,201609,4.3,11.75,13.95,11
201510,5,21,5,2015,10,AZ_West,201510,15.65,11.75,3.6,05
201510,5,21,5,2015,10,AZ_West,201510,15.9,11.8,3.3,08
201510,5,21,5,2015,10,AZ_West,201610,15.9,12.05,3.05,11
201606,20,9,1,2016,6,AZ_West,201606,18.75,10.3,0.95,02
201606,20,9,1,2016,6,AZ_West,201606,19.55,10.25,0.2,05
201606,20,9,1,2016,6,AZ_West,201706,18.4,10.6,1,11
201607,10,17,4,2016,7,AZ_West,201607,13.2,12.9,4.9,02
201607,10,17,4,2016,7,AZ_West,201607,7.75,15.15,8.1,05
201607,10,17,4,2016,7,AZ_West,201707,8.6,14.45,7.95,11
201608,1,24,6,2016,8,AZ_West,201608,4.1,15.45,11.45,02
201608,1,24,6,2016,8,AZ_West,201608,3.2,14,13.8,05
201608,1,24,6,2016,8,AZ_West,201608,2.2,15.9,11.9,08
201608,1,24,6,2016,8,AZ_West,201708,5.7,13.2,12.1,11
201609,11,15,4,2016,9,AZ_West,201609,3.5,9.95,16.55,05
201609,11,15,4,2016,9,AZ_West,201609,5.9,14.75,10.35,08
201609,11,15,4,2016,9,AZ_West,201709,3.2,11.8,15,11
201610,17,11,3,2016,10,AZ_West,201610,19.25,9.4,2.35,05
201610,17,11,3,2016,10,AZ_West,201610,17.35,11.4,2.25,08
201610,17,11,3,2016,10,AZ_West,201710,14.9,12.5,3.6,11
201706,25,5,0,2017,6,AZ_West,201706,22.4,6.75,0.85,02
201706,25,5,0,2017,6,AZ_West,201706,20.15,9.55,0.3,05
201706,25,5,0,2017,6,AZ_West,201806,20.25,9.35,0.4,11
201707,5,4,22,2017,7,AZ_West,201707,9.75,14.45,6.8,02
201707,5,4,22,2017,7,AZ_West,201707,9.05,17.05,4.9,05
201707,5,4,22,2017,7,AZ_West,201807,10.2,16.15,4.65,11
201708,0,21,10,2017,8,AZ_West,201708,5.45,13.5,12.05,02
201708,0,21,10,2017,8,AZ_West,201708,3.75,15.3,11.95,05
201708,0,21,10,2017,8,AZ_West,201708,2,15.45,12.55,08
201708,0,21,10,2017,8,AZ_West,201808,1.75,14.6,14.65,11
201709,8,17,5,2017,9,AZ_West,201709,5.4,14.35,10.25,05
201709,8,17,5,2017,9,AZ_West,201709,6.15,13.7,11.15,08
201709,8,17,5,2017,9,AZ_West,201809,4.6,10.95,14.45,11
201710,30,1,0,2017,10,AZ_West,201710,17.4,10.65,2.95,05
201710,30,1,0,2017,10,AZ_West,201710,21.1,8,1.9,08
201710,30,1,0,2017,10,AZ_West,201810,14.3,12.25,4.45,11
201806,26,4,0,2018,6,AZ_West,201806,22.5,7.05,0.45,02
201806,26,4,0,2018,6,AZ_West,201806,21.25,7.55,1.2,05
201806,26,4,0,2018,6,AZ_West,201906,17.75,12.05,0.2,11
201807,5,7,19,2018,7,AZ_West,201807,10.35,14.85,5.8,02
201807,5,7,19,2018,7,AZ_West,201807,7.55,15.1,8.35,05
201807,5,7,19,2018,7,AZ_West,201907,7.85,14.4,8.75,11
201808,4,12,15,2018,8,AZ_West,201808,3.5,13.35,14.15,02
201808,4,12,15,2018,8,AZ_West,201808,2.45,18.3,10.25,05
201808,4,12,15,2018,8,AZ_West,201808,2.1,16.35,11.55,08
201808,4,12,15,2018,8,AZ_West,201908,1.65,15,14.35,11
201809,14,16,0,2018,9,AZ_West,201809,3.35,13.95,12.7,05
201809,14,16,0,2018,9,AZ_West,201809,7.8,15.3,7.9,08
201809,14,16,0,2018,9,AZ_West,201909,4.55,12.15,13.3,11
201810,13,14,4,2018,10,AZ_West,201810,14.45,13,3.55,05
201810,13,14,4,2018,10,AZ_West,201810,17.45,10.75,2.8,08
201810,13,14,4,2018,10,AZ_West,201910,15.85,12.8,2.35,11
201906,16,14,0,2019,6,AZ_West,201906,18.3,11.05,0.65,02
201906,16,14,0,2019,6,AZ_West,201906,17.05,11.3,1.65,05
201906,16,14,0,2019,6,AZ_West,202006,20.6,8.75,0.65,11
201907,9,15,7,2019,7,AZ_West,201907,9,15.9,6.1,02
201907,9,15,7,2019,7,AZ_West,201907,6.4,16.8,7.8,05
201907,9,15,7,2019,7,AZ_West,202007,9.15,14.1,7.75,11
201908,9,17,5,2019,8,AZ_West,201908,4.75,13.55,12.7,02
201908,9,17,5,2019,8,AZ_West,201908,2.7,18.5,9.8,05
201908,9,17,5,2019,8,AZ_West,201908,10.15,14.4,5.45,08
201908,9,17,5,2019,8,AZ_West,202008,3.45,15.05,12.5,11
201909,6,16,8,2019,9,AZ_West,201909,4.9,13.55,11.55,05
201909,6,16,8,2019,9,AZ_West,201909,7.45,14.35,9.2,08
201909,6,16,8,2019,9,AZ_West,202009,5.1,10.8,14.1,11
201910,31,0,0,2019,10,AZ_West,201910,12,14.75,4.25,05
201910,31,0,0,2019,10,AZ_West,201910,20.5,8.1,2.4,08
201910,31,0,0,2019,10,AZ_West,202010,17.4,10.35,3.25,11
202006,24,6,0,2020,6,AZ_West,NA,NA,NA,NA,NA
202007,9,22,0,2020,7,AZ_West,NA,NA,NA,NA,NA
202008,8,19,4,2020,8,AZ_West,NA,NA,NA,NA,NA
202009,22,8,0,2020,9,AZ_West,NA,NA,NA,NA,NA
202010,31,0,0,2020,10,AZ_West,NA,NA,NA,NA,NA
202106,21,8,1,2021,6,AZ_West,NA,NA,NA,NA,NA
202107,0,10,21,2021,7,AZ_West,NA,NA,NA,NA,NA
202108,0,18,13,2021,8,AZ_West,NA,NA,NA,NA,NA
202109,7,20,3,2021,9,AZ_West,NA,NA,NA,NA,NA
202110,23,7,1,2021,10,AZ_West,NA,NA,NA,NA,NA
202206,14,16,0,2022,6,AZ_West,NA,NA,NA,NA,NA
202207,2,14,15,2022,7,AZ_West,NA,NA,NA,NA,NA
202208,0,2,29,2022,8,AZ_West,NA,NA,NA,NA,NA
202209,0,20,10,2022,9,AZ_West,NA,NA,NA,NA,NA
202210,16,14,1,2022,10,AZ_West,NA,NA,NA,NA,NA
202306,18,12,0,2023,6,AZ_West,NA,NA,NA,NA,NA
202307,9,18,4,2023,7,AZ_West,NA,NA,NA,NA,NA
202308,0,13,18,2023,8,AZ_West,NA,NA,NA,NA,NA
202309,10,13,7,2023,9,AZ_West,NA,NA,NA,NA,NA
202310,20,11,0,2023,10,AZ_West,NA,NA,NA,NA,NA
